삭제(O 표시),업종,상호,리조트,지역,주소,전화,겸업,영업시간,홈페이지,인스타,등록ID
,스키·보드샵,BHS,(외),서울,서울특별시 강남구 도산대로27길 20 B1F,0507-1328-7092,,"토 11:00~20:00, 월 11:00~20:00, 화 11:00~20:00, 수 11:00~20:00, ",https://www.bhs1996.com,bhs_1996,f0109608-ecb6-4234-a565-81efad39b420
,스키·보드샵,BHS스키샵,(외),경상,대구광역시 수성구 들안로 106 2층,053-214-7896,정비,매일 11:00~21:00,http://skiuk.kr,,848e0f68-540b-48cb-a86b-7bf697b5b278
,스키·보드샵,IXNINE,(외),서울,서울특별시 강서구 양천로 661 B1,02-3664-8881,,"월 11:00~16:00, 화 11:00~16:00, 수 11:00~16:00, 목 11:00~16:00, ",http://www.ixnine.co.kr,ixnine_99,04efcf3c-5738-4585-8a5c-013e0dc9f5dc
,스키·보드샵,playboardshop,(외),경기,경기도 고양시 일산서구 한류월드로 300 원마운트 1층 1229호,031-932-2624,,"토 12:30~19:00, 일 12:30~19:00, 월 12:30~19:00, 화 12:30~19:00, ",http://playboardshop.com,playboardshop,d52bdb17-105e-4ebb-816c-aff4a473d6ef
,스키·보드샵,꾸따,(외),경상,부산광역시 동구 대영로243번길 43 506호,,,일 00:00~01:00; 토 정기휴무 (매주 토요일); 월 정기휴무 (매주 월요일); 화 정기휴무 (매주 ,http://storefarm.naver.com/yaman,kuta_busan,aaf592cc-4986-405e-b45a-8bad68458052
,스키·보드샵,대구판타고,(외),경상,대구광역시 수성구 범안로 15 1층판타고,053-621-7770,렌탈,"토 12:00~19:00, 일 12:00~19:00, 월 11:30~19:00, 화 11:30~19:00, ",http://www.pantago.com,,f8d9b5a5-a55c-45b5-8822-5e955b872013
,스키·보드샵,도깨비나라,(외),강원,강원특별자치도 고성군 간성읍 진부령로 654,033-681-5555,렌탈,,,,02135322-dea7-495e-b084-22b5af426247
,스키·보드샵,레알컴퍼니,(외),경상,대구광역시 수성구 달구벌대로528길 6 동영빌딩 2층,0507-1331-7078,,매일 09:00~21:00; 설 당일 영업합니다.,http://www.sportsreal.co.kr,,2f7fa339-2b31-4d7c-a510-860eb0124082
,스키·보드샵,롬프,(외),서울,서울특별시 강남구 논현로116길 26 봉황빌딩 1층 ROMP,02-2236-0625,,"토 13:00~19:30, 일 13:00~19:30, 월 10:30~19:30, 화 10:30~19:30, ",https://smartstore.naver.com/romp,romp_clothing,85add819-ebe0-4b7e-9f52-3d60f97fbf74
,스키·보드샵,몬타나스포츠,(외),서울,서울특별시 강남구 언주로 540 코원타워 1층,02-566-8007,정비,"매일 11:00~20:00; 휴무: 매달 2, 4번째 일요일 정기 휴무; 비수기 영업 4월-9월 / 둘째,넷",https://smartstore.naver.com/montanasports,montanasports,45921abd-3033-4f1f-a997-895ac598d01a
,스키·보드샵,몽블랑스키렌탈,(외),충청,충북 충주시 수안보면 주정산로 106,043-848-9339,렌탈,매일 00:00~24:00,,,b12fb14e-0c47-4e5a-a8ea-abfa7ead716f
,스키·보드샵,베어스노우,(외),경기,경기도 시흥시 수인로3413번길 7 2층 베어스노우,031-311-2455,정비,월 00:00~00:05; 토 정기휴무 (매주 토요일); 일 정기휴무 (매주 일요일); 화 정기휴무 (매주 ,http://www.bearsnow.co.kr,,8ad33d21-2818-42ec-ab8f-aa3c777c3fce
,스키·보드샵,보드샵천국,(외),경기,인천광역시 남동구 성말로53번길 9-8 1층 (백두상사),,,"토 정기휴무, 일 정기휴무, 월 09:00~18:00, 화 09:00~18:00, 수 09:00~18:00,",http://storefarm.naver.com/heavenboard,,ff2b8c11-049a-449f-ab58-867a585d5b4e
,스키·보드샵,보드코리아 강남본점,(외),서울,서울특별시 강남구 논현로 628 1층,0507-1360-6397,,매일 11:00~21:00,https://www.boardkorea.com,boardkorea,b0eacaa4-68c1-45d8-8ca8-495d16f2a854
,스키·보드샵,보령레져스키스포츠,(외),충청,충남 보령시 동대동 원평3길 28,041-933-2211,렌탈,,,,b095292d-7552-4145-b572-68f98a7733ec
,스키·보드샵,본네스 보드샵,(외),전라,전북특별자치도 전주시 완산구 반촌로 6 베이킹스토리 2층,,,"토 11:30~19:00, 일 11:30~19:00, 화 11:30~19:00, 수 11:30~19:00, ",https://smartstore.naver.com/boneless,9ninemonth_skiboardschool,21a75760-7057-41cd-9094-9e9857e58554
,스키·보드샵,봄내스포츠 서울점,(외),서울,서울특별시 송파구 동남로 94,0507-1353-8163,,매일 11:00~20:00; 3월~9월 영업시간 오전 11시 ~ 오후 8시,http://www.bomnaesports.com,,ce88dce4-e897-4b98-a34c-d257b09dba66
,스키·보드샵,수안보보드스키랜드,(외),충청,충북 충주시 수안보면 주정산로 98,043-848-3692,렌탈,매일 00:00~24:00,,,00a2bc62-d6d3-44e4-bf54-4e472d73b6be
,스키·보드샵,스노우뱅크,(외),서울,서울특별시 강남구 도산대로 437 1층,02-543-2000,,"토 11:00~19:00, 일 11:00~19:00, 화 11:00~19:00, 수 11:00~19:00, ",http://www.snowbank.co.kr,,ae8313d3-7add-4b24-b26e-2f67da8ce72e
,스키·보드샵,스포츠라인,(외),경기,경기도 구리시 안골로 1 스포츠라인빌딩 1층 / 주차장 주소 구리시 교문동730,031-562-0081,정비,"토 11:00~20:00, 화 11:00~20:00, 수 11:00~20:00, 목 11:00~20:00, ",https://smartstore.naver.com/ski_bike,sportsline4u,c933e9a8-4d61-434d-af2e-a89ccb9e8b77
,스키·보드샵,스피드 스키보드,(외),경기,경기 남양주시 화도읍 먹갓로서길 45,031-593-7330,렌탈,,,,2f515215-4745-4bd3-b4d0-a023b7b48666
,스키·보드샵,아프레 스포츠,(외),서울,서울특별시 강남구 선릉로153길 8 지하 1층,02-514-2123,,매일 11:00~20:00,https://www.apressports.co.kr,apres.sports,27890730-1bc4-4ed4-8c00-d552f553b988
,스키·보드샵,알프스레포츠,(외),충청,대전광역시 중구 대둔산로 253 4층,0507-1399-3440,정비,"매일 10:00~20:00; 추석 당일, 설 당일은 휴무입니다.",http://www.tjalps.co.kr,tjalps.co.kr,b7051180-d685-46a8-821b-67e92325df67
,스키·보드샵,에스코어스키,(외),서울,서울특별시 강남구 도곡로 233 1층,0507-1440-4411,,매일 11:00~21:00; 매년 4월~9월 시즌 영업시간 11시~20시,https://smartstore.naver.com/salomonkorea,scoreski,bdf3f191-7c82-4366-8cfd-fcbb1f256234
,스키·보드샵,에이엔에이스포츠,(외),서울,서울특별시 강남구 논현로 653 에이엔에이빌딩 1층,02-544-9981,정비,매일 12:00~19:00,http://www.anasports.co.kr,anasports,6e41a1ef-6a2f-49f8-a8f6-f8b54d2c5b8f
,스키·보드샵,에이케이에이보드샵 군산점,(외),전라,전북특별자치도 군산시 동수송7길 9 3층 301호,,,"토 13:00~19:00, 일 13:00~19:00, 화 11:00~19:00, 수 11:00~19:00, ",,a.k.a_boardshop_gunsan,7d318fa0-128d-453c-8f5f-88aef5fc5938
,스키·보드샵,엑스게임스노우 보드샵,(외),서울,서울특별시 강남구 논현로 623 성지빌딩 2층,0507-1452-1439,,매일 11:00~21:00; 1년 365일 연중무휴,http://www.xgamesnow.co.kr,__xgamesnow,7806cfb1-5f8e-489b-a0ba-bb439cc11442
,스키·보드샵,자쿠이 스키 스노우보드 인라인,(외),경기,경기도 구리시 경춘로 282 구리패션아울렛 2층,031-555-4986,,매일 10:00~20:00; 창고정리중입니다. 전화주세요,http://www.zakui.co.kr,,1432edb9-b730-4c27-bb70-ee0f0310a141
,스키·보드샵,조이레포츠,(외),전라,전북특별자치도 전주시 완산구 백제대로 319 1층,0507-1400-4805,,"월 11:00~19:00, 화 11:00~19:00, 수 11:00~19:00, 목 11:00~19:00, ",https://smartstore.naver.com/joyleports,joyleports7,90b801e8-8f8f-44c7-b04a-1f7a5c3521c4
,스키·보드샵,좋은친구들,(외),강원,강원 정선군 정선읍 가리왕산로 570-5,1644-5822,렌탈 정비,,http://www.highyan.net,,8c01aa96-aa9c-4686-b8e8-c366794fe1d7
,스키·보드샵,챔피온,(외),서울,서울특별시 강남구 영동대로142길 15 1층,0507-1424-2071,,"토 11:00~18:00, 화 11:00~18:00, 수 11:00~18:00, 목 11:00~18:00, ",http://www.championsports.co.kr,,164178b3-b605-4cff-ab2c-c084f6b5bea2
,스키·보드샵,팝스노우보드,(외),서울,서울특별시 강남구 논현로 617 계현빌딩 1층,02-3445-0338,,매일 11:00~21:00,http://www.popsnowboard.co.kr,pop_snow,92e6517b-c6f9-4e52-83a1-c94212da6109
,스키·보드샵,프로암,(외),서울,서울특별시 서초구 효령로 131 청권빌딩 B1,0507-1333-7577,,"토 10:00~19:00, 월 10:00~19:00, 화 10:00~19:00, 수 10:00~19:00, ",https://smartstore.naver.com/proam,,db5bb16b-2fe5-4e87-9265-cecab8375ca4
,스키·보드샵,피닉스스포츠,(외),서울,서울특별시 서초구 효령로 97 이창빌딩 1층,0507-1375-8686,정비,매일 12:00~19:30; 임시 휴무일이 있으니 방문 전 꼭 확인 부탁드립니다.,https://smartstore.naver.com/phoenixski,ephoenixsports,13b23e08-16d9-4556-918c-d263196e47bf
,스키·보드샵,피스트,(외),서울,서울특별시 강남구 논현로120길 7 1층,02-554-9915,,매일 11:00~20:00; 휴무: 격주 일요일 정기 휴무,https://www.piste.co.kr,piste.ski,7490544c-dff5-4231-bebc-34de2a2fbd68
,스키·보드샵,화이트,(외),경기,경기 남양주시 화도읍 먹갓로 47-2,031-511-2901,렌탈,,,,ca0e50a4-b104-48f7-adea-a59b995f5906
,스키·보드샵,몽블랑스키샵,무주덕유산,전라,전북특별자치도 무주군 무풍면 구천동로 521,063-322-9530,,,,,d4e36ab2-58bf-400d-b17f-5df2e862c1b6
,스키·보드샵,스키텔스키샵,무주덕유산,전라,전북특별자치도 무주군 설천면 만선로 36-19,,,,,,35ee06b6-f96d-44bb-b262-bf5127a5a029
,스키·보드샵,알리앙스스키샵,무주덕유산,전라,전라북도 무주군 설천면 월곡길 54-1,063-322-4832,,,,,97621440-5fd4-42c3-96a9-d7ada043dc54
,스키·보드샵,유림스키샵,무주덕유산,전라,전북특별자치도 무주군 설천면 구천동로 850,063-322-0805,,,,,1d1dcee5-625b-4b4e-8553-a51d303888bb
,스키·보드샵,대명비발디인근호야스노우파크스쿨,비발디파크,강원,강원특별자치도 홍천군 서면 한치골길 797,,,,,,5a31d14d-9508-4a1d-8ff9-ca49d6fe9ded
,스키·보드샵,플래티스키샵,비발디파크,강원,강원특별자치도 홍천군 서면 대곡리 545-9,,,매일 00:00~24:00,http://platyps.com/ski,,c78cd2a1-e230-4655-932d-621a784245df
,스키·보드샵,스키점프20스포츠클럽,알펜시아,강원,강원특별자치도 평창군 대관령면 스포츠파크길 135,,,"토 12:40~18:00, 일 12:40~18:00; 월 정기휴무 (매주 월요일); 화 정기휴무 (매주 화요",,,70c439e4-d559-4363-9ea4-bf5bb5aefe13
,스키·보드샵,스키플러스,용평리조트,강원,강원특별자치도 평창군 대관령면 올림픽로 715 용평리조트 드래곤프라자 내 2층,033-335-9588,,매일 08:30~22:00; 성수기와 비수기의 운영시간이 다릅니다,http://www.skiplus.co.kr,,d64310b0-bb00-41d0-a543-0fbc626f27d7
,스키·보드샵,더샵,휘닉스평창,강원,강원특별자치도 평창군 봉평면 태기로 200 센터프라자 1층,033-330-6326,,매일 09:00~22:00,,,0a6ba7f2-facf-442d-806b-ccd7012ba6ec
,스키·보드샵,스키마을,휘닉스평창,강원,강원특별자치도 평창군 봉평면 태기로 73 지하 1층,0507-1498-1030,,,,,a09e27b8-4bfc-47f7-abde-b428a08ac1cc
,정비샵,나이프엣지,(외),서울,서울특별시 강남구 논현로132길 11 창전빌딩 지하1층,02-544-8434,,일 10:30~18:30 (브레이크 13:00~13:30); 월 10:30~18:30 (브레이크 13:00~,http://www.knifeedge.co.kr,,e390a43a-85f4-4e68-bbb1-5d7ae2f1005b
,정비샵,레블스하우스 서울,(외),서울,서울특별시 광진구 영화사로 89 2층 레블스하우스,02-6951-0240,,오늘 휴무 / 매주 일요일 휴무 (현재상태만),,,5bfd831a-715d-49a8-ae83-c9fe3c78cad2
,정비샵,비비익스트림,(외),경상,부산광역시 동래구 중앙대로1335번길 57 제례정건물 2층,,,매일 09:00~18:30,,,97c39871-897a-4d82-b639-e042625fc99d
,정비샵,에스비닥터,(외),서울,서울특별시 강남구 도곡로27길 5,0507-1449-8301,,매일 11:00~17:00; 휴무시 공지,http://www.sbdoctor.co.kr,,84d4656a-3a32-4173-a668-e699de438cda
,정비샵,제이원,(외),충청,충청남도 천안시 서북구 두정중1길 6-6 고대빌딩 302호,0507-1373-6107,,"월 11:00~19:00, 화 11:00~19:00, 수 11:00~19:00, 목 11:00~19:00, ",,,33905108-980b-439e-b934-19151fbc535b
,정비샵,스노우메타(곤지암점),곤지암리조트,경기,경기도 광주시 도척면 도척윗로 235-2 스노우메타,0507-1349-0656,,08:00~20:00,https://www.snowmeta.kr/,snow.meta,88a519c8-9e42-41a1-8261-8f0fbf507f91
,정비샵,엣지공방,곤지암리조트,경기,경기도 광주시 도척면 도척윗로 234 102호,0507-1305-7254,판매,매일 08:00~24:00,http://skitune.kr,edge_gongbang,8ac62e1b-9628-422a-93b2-9c16d3198f0d
,정비샵,인스엣지왁싱,곤지암리조트,경기,경기도 광주시 도척면 도척윗로 319,0507-1372-7060,,매일 09:00~23:00,,,c8352342-b288-4259-aef3-a5627f7fcaf0
,정비샵,커스텀 튠,곤지암리조트,경기,경기도 광주시 도척면 독고개길302번길 9-1 1층,0507-1320-3816,,매일 08:30~23:00; 곤지암스키장 21/22 시즌기간 운영,,,9a4b1975-22ed-4cc9-b29e-1a8ef9ec3aff
,정비샵,김민진 MJ튜닝연구소,무주덕유산,전라,전북특별자치도 무주군 설천면 만선로 185 만선하우스내 김민진 mj튜닝연구소,0507-1407-2114,판매,매일 08:00~23:00,,,47f99425-2d5b-4b09-a68f-c6bbe45076af
,정비샵,나이프엣지 무주점,무주덕유산,전라,전북특별자치도 무주군 설천면 만선1로 97,,,,,,6f6a3509-96fc-4c88-999e-3e40f1d43190
,정비샵,TOKO에지튠업왁싱,비발디파크,강원,강원특별자치도 홍천군 서면 한치골길 59,,,,,,0210b650-b0ce-4a5f-b13d-fe3bdac046f2
,정비샵,리커버,비발디파크,강원,강원특별자치도 홍천군 서면 한치골길 264 곤돌라 탑승장 1층,,,매일 09:00~20:00,,,69da7b9f-9950-4580-bd12-4b16bac96714
,정비샵,비비드왁스 & 풋풋 비발디점,비발디파크,강원,강원특별자치도 홍천군 서면 한치골길 45 1층,0507-1485-2467,,매일 08:30~21:00,,,2ec083ff-09bf-4709-8b27-93ca8f2c774a
,정비샵,익스트림왁스,비발디파크,강원,강원특별자치도 홍천군 서면 한서로 2093 1층 익스트림왁스,,판매,매일 13:00~22:00; 방문전 전화문의 부탁드립니다.장비 오전픽업 가능합니다.,https://smartstore.naver.com/extremestore,extremewax_korea,429fec3f-0bbe-4742-886e-260e91679fbc
,정비샵,허밍버드왁싱룸,비발디파크,강원,강원특별자치도 홍천군 서면 한치골길 53,,,,,,e05ede61-2763-46d2-9468-db57602b6f09
,정비샵,노르딕샵,알펜시아,강원,강원특별자치도 평창군 대관령면 올림픽로 62-3 2층,0507-1338-8941,,수 00:00~00:05; 토 정기휴무 (매주 토요일); 일 정기휴무 (매주 일요일); 월 정기휴무 (매주 ,,,fbc63957-4ff8-473e-aa0d-7e63dc495d40
,정비샵,레블스하우스 평창,알펜시아,강원,강원특별자치도 평창군 대관령면 솔봉로 257,0507-1365-7239,,오늘 휴무 / 09/05 휴무 (현재상태만),,,14856e0d-90a6-460e-b51f-febf6d7335e1
,정비샵,왁스맨,알펜시아,강원,강원특별자치도 평창군 대관령면 대관령마루길 11 왁스맨,0507-1473-5225,,매일 07:30~17:00 (브레이크 08:20~14:00); 주간 오전에는 슬로프에 있습니다.,http://www.waxman.kr,,0b5b93d1-4e46-45f8-98d7-eb2fa23b19d8
,정비샵,포디움,알펜시아,강원,강원특별자치도 평창군 대관령면 올림픽로 242,0507-1322-0329,,매일 08:00~21:00,,,59e63028-6e98-43e3-a1ed-c664ef1acb5d
,정비샵,홍프로 튜닝샵,알펜시아,강원,강원특별자치도 평창군 대관령면 올림픽로 248,,,,,,29d4c75a-7156-4628-bf30-127035e7e89f
,정비샵,비비드왁스 & 풋풋 용평점,용평리조트,강원,"강원특별자치도 평창군 대관령면 올림픽로 715 드래곤플라자 1층, 5번 게이트.",0507-1331-3609,,매일 08:30~21:00; 야간 스키 미운영시 08:30~17:00 입니다.,https://vividwax.com,vividwax_korea,f5a59a8d-13a0-45f0-9f95-50f8dfb555b1
,정비샵,나이프엣지 지산점,지산리조트,경기,경기도 이천시 마장면 덕평로 885 2층,,,매일 00:00~24:00,,,a2db6e43-2a7d-4f6b-9550-966208807ebd
,정비샵,닥터투 엣지 왁스,지산리조트,경기,경기도 이천시 마장면 해월로 8 닥터투 엣지왁스,0507-1324-2972,,매일 09:20~22:00,,,d5e97e6f-95d3-45c8-856f-fad7b3cbd202
,정비샵,홀멘콜 스키보드 수리튜닝센터 1호점,지산리조트,경기,경기도 이천시 마장면 억만리로 19 회억리 230-1,0507-1442-2602,판매,매일 08:00~22:00,,,db32dd1f-3430-4541-bb20-cabe2ccdfe7f
,정비샵,비비드왁스 & 풋풋 하이원점,하이원,강원,강원특별자치도 정선군 고한읍 고한로 97-1 1층,0507-1495-0161,,매일 08:00~20:00,,,e7491e73-ac11-4959-8810-4ccd45df7d80
,정비샵,하이토코,하이원,강원,강원 정선군 고한읍 고한로 107 1층 하이토코,,,매일 08:30~21:00,,,a63b0e6f-2307-4c2d-9ca4-184e2ae3a36d
,정비샵,SSS,휘닉스평창,강원,강원특별자치도 평창군 봉평면 태기로 104 2층 SSS,033-333-8188,,매일 07:00~23:00; 비시즌은 사전연락 후 방문요청 드립니다.  4월~10월,,,55aeaf2f-faa0-4785-a1bb-950e00ad48b1
,정비샵,TMK,휘닉스평창,강원,강원특별자치도 평창군 봉평면 태기로 270,,,매일 07:30~23:00,,,f8380988-b898-4a38-babc-0ed0647944dc
,정비샵,스페셜포인트,휘닉스평창,강원,강원특별자치도 평창군 봉평면 태기로 101-33 나동 지301호 스패셜포인트,0507-1396-0880,,매일 08:30~22:00,,specialpoint_tuinglab,afa3d676-6c93-4eef-9a0a-188a33c237a5
,정비샵,아임파인브로스,휘닉스평창,강원,강원특별자치도 평창군 봉평면 태기로 364 1층,0507-1353-2228,,매일 10:00~22:00,,,68736fd6-fae4-4ef1-9f5c-13e18080bbee
,정비샵,원볼코리아,휘닉스평창,강원,강원특별자치도 평창군 봉평면 태기로 137 마노빈치타운 3층 302호,0507-1442-1570,판매,매일 09:00~18:00; 2526시즌 영업시간입니다 비시즌은 연락주시면 됩니다,https://smartstore.naver.com/oneball,,27fb5fb1-5514-4058-a5c0-6935cdc2fe25
,렌탈샵,강윤정프로샵,(외),경기,경기도 포천시 내촌면 금강로 2496,070-4201-7800,,,,,e5c0e588-de37-4c47-ab94-77860f95c4e9
,렌탈샵,국가대표,(외),경기,경기 포천시 내촌면 금강로 2442,031-533-6989,판매,,,,19e6cdad-d00a-4392-aebd-ca40b96d3bab
,렌탈샵,드림스키보드,(외),경기,경기 포천시 내촌면 금강로 2568-10,031-531-5650,,,,,1a5bd263-d049-4f89-9a33-ac7ebd600018
,렌탈샵,뜨거운형제들,(외),경기,경기 포천시 내촌면 금강로2536번길 22-5,031-533-9538,,,,,e84fcd3c-7e8e-4278-9d9f-b04729c7be6a
,렌탈샵,빅베어,(외),경기,경기 포천시 내촌면 금강로 2206,031-532-8983,,,,,37b015a2-8fb7-49c6-8d42-66b1ef957803
,렌탈샵,스키2보드,(외),경기,경기 포천시 내촌면 금강로 2520-26,031-533-8006,,,,,4deea749-fef8-4c80-983f-8e135fadbae1
,렌탈샵,스키렌탈하우스,(외),경기,경기 포천시 내촌면 금강로2536번길 27,,,,,,c1a66880-e40e-41f0-8b4c-16cf02da9a0e
,렌탈샵,에스키모렌탈샵,(외),경기,경기도 포천시 내촌면 금강로2536번길 18,0507-1449-2234,,매일 08:00~24:00,http://www.eskimotown.co.kr,eskimo_town,ff874439-b51d-4740-93bb-fa5b65ae0161
,렌탈샵,포천 베어스타운 렌탈샵 VIP,(외),경기,경기도 포천시 내촌면 금강로 2520-20 1층,0507-1365-3669,정비,매일 00:00~24:00,http://www.vipski.co.kr,,b859eefb-c2f8-47c9-8adc-9216d6d44d24
,렌탈샵,V스키,곤지암리조트,경기,경기도 광주시 도척면 도척윗로 218 V스키,0507-1403-0795,판매,매일 00:00~24:00; 곤지암리조트 스키장 개장부터 폐장까지 영업합니다.,https://vski.co.kr,vski_vd,733f10bb-0a9a-472c-b1f5-5eaacd7a6852
,렌탈샵,W스키,곤지암리조트,경기,경기도 광주시 도척면 도척윗로 166 W스키샵,0507-1416-2990,,매일 00:00~24:00,https://w-ski.com,wskishop,75a68511-30a4-40a9-9a14-0c9df847b748
,렌탈샵,간지보더,곤지암리조트,경기,경기도 광주시 도척면 독고개길 318 간지보더,031-769-9375,,매일 08:00~02:00,http://www.ganjiboarder.com,ganjiboarder_,74320fcb-989f-45bd-98b2-328aff397deb
,렌탈샵,겨울이야기,곤지암리조트,경기,경기도 광주시 도척면 도척윗로 242,0507-1308-5627,,매일 00:00~24:00,http://www.winter-story.kr,winterstory2023,fc8a8992-4907-4766-8985-c44b8edecc7f
,렌탈샵,닥터스노우,곤지암리조트,경기,경기도 광주시 도척면 도척윗로 226 닥터스노우,0507-1495-0761,,매일 00:00~24:00,http://www.drsnow.co.kr,dr.snow_konjiam,3b6fc4d5-ed3a-430b-82c2-86227ef3c1b9
,렌탈샵,땡스키,곤지암리조트,경기,경기 광주시 도척면 도척윗로 234 1층,0507-1390-7107,,매일 00:00~24:00,https://www.ddaengski.com,ddaengski_7107,66226a4f-ac9f-4dbd-9d89-959c7ee3c53c
,렌탈샵,메가폰,곤지암리조트,경기,경기도 광주시 도척면 도척윗로 212,0507-1375-9824,,"토 06:30~03:00, 일 06:30~03:00, 월 08:30~03:00, 화 08:30~03:00, ",https://megaphonesnow.imweb.me,megaphonesnow,66b9b4a2-1122-4ebc-95e1-70cbdd72ce85
,렌탈샵,몬스터스노우,곤지암리조트,경기,경기도 광주시 도척면 도척윗로 162 곤지암렌탈샵,0507-1327-1784,,매일 08:00~03:00; 겨울 시즌은 휴무일 없이 운영합니다.,https://smartstore.naver.com/gonjiamrental,gonjiam_monstersnow,3cfc3210-8441-4b26-a039-d3c208aecb97
,렌탈샵,바나나스키,곤지암리조트,경기,경기도 광주시 도척면 도척윗로 194 곤지암렌탈샵,0507-1454-5882,판매,"토 08:00~18:00, 일 08:00~18:00, 월 08:00~18:00, 금 08:00~18:00; ",http://pf.kakao.com/_xdWrib/chat,banana__ski,0c11b2f4-4f56-4f28-8529-e2e85f154c55
,렌탈샵,바하마,곤지암리조트,경기,경기도 광주시 도척면 도척윗로 184 1층,,,매일 00:00~24:00,https://smartstore.naver.com/bahama,,33d70fa1-4c63-4359-87b3-ff4b7ec1765d
,렌탈샵,보드박스,곤지암리조트,경기,경기도 광주시 도척면 독고개길 402,031-797-7554,,매일 08:00~02:00,http://www.boardbox.kr,,b4a54579-6dee-4471-a610-70cf7f010d32
,렌탈샵,보스렌탈샵,곤지암리조트,경기,경기도 광주시 도척면 독고개길302번길 29,0507-1365-7172,,"토 06:30~02:00, 일 06:30~02:00, 월 07:30~02:00, 화 07:30~02:00, ",http://www.bossrentalshop.com,bossrentalshop,80404908-9912-4658-a01d-7eca8fdf93aa
,렌탈샵,브라더스,곤지암리조트,경기,경기도 광주시 도척면 도척윗로 258 곤지암렌탈샵 브라더스,0507-1320-3982,,매일 00:00~24:00,https://smartstore.naver.com/gonjiam,brothers_gonjiam,d7a733cf-a7ff-472b-af18-91527ece931c
,렌탈샵,살로몬,곤지암리조트,경기,경기 광주시 도척면 도척윗로 292 2호,0507-1373-2296,,매일 00:00~24:00,,salomon_skischool,2f9e4e3d-432f-4a0f-b84b-9d5c6bccffb6
,렌탈샵,스키24,곤지암리조트,경기,경기도 광주시 도척면 도척윗로 230 SKI 24,031-762-2410,,"토 07:00~03:00, 일 07:00~03:00, 월 08:00~03:00, 화 08:00~03:00, ",http://www.ski24.co.kr,,4c72a2a7-4487-49c2-8df4-fc18ef26d3af
,렌탈샵,스키벅스,곤지암리조트,경기,경기도 광주시 도척면 도척윗로 283 101호,0507-1386-6413,,매일 08:00~01:00,https://smartstore.naver.com/konjiamskibucks,,117b67ef-d447-46a8-99d7-f84faf595ff8
,렌탈샵,신성기획,곤지암리조트,경기,경기 용인시 기흥구 중동 동백5로 22 쥬네브 문월드 가동 229호,1661-1523,,,http://www.스키존.com,,88c7f59c-069d-4348-8ebd-6160468ae706
,렌탈샵,쎄시봉,곤지암리조트,경기,경기도 광주시 도척면 도척윗로 250,0507-1353-7588,,매일 08:30~24:00,https://smartstore.naver.com/cestsibon486,cestsibon_waterplay,aa7e7c2a-4d01-42c5-be6d-6561f5ad1001
,렌탈샵,아이원,곤지암리조트,경기,경기도 광주시 도척면 도척윗로 102,0507-1381-3780,판매,매일 08:00~01:00,https://smartstore.naver.com/ioneski,ione_ski,b8675ee7-075b-483f-89c5-74c31c66bd3a
,렌탈샵,어반그레이1호점,곤지암리조트,경기,경기도 광주시 도척면 다람로 12,0507-1409-8327,,"토 08:00~02:00, 일 08:00~02:00, 월 09:00~02:00, 화 09:00~02:00, ",https://smartstore.naver.com/urbangray_official/products/12875590771,urbangray_outdoor,2c0e978b-4a6f-4191-8962-7e57f9ab3d9a
,렌탈샵,월드스키,곤지암리조트,경기,경기 광주시 도척면 독고개길302번길 55 곤지암 렌탈샵 월드스키,0507-1428-1494,,매일 00:00~24:00,https://smartstore.naver.com/cool5436487,,a75c0284-b9a3-418e-b62d-3273b1694e99
,렌탈샵,인라인스키 데븐,곤지암리조트,경기,경기 광주시 도척면 독고개길 333 1층,0507-1379-5601,,매일 09:00~02:00,https://deven.co.kr,deven_ski,23d83d9d-e49a-4de7-af05-7dcd67292924
,렌탈샵,인스토리,곤지암리조트,경기,경기도 광주시 도척면 도척윗로 204 1층 인스토리,0507-1379-5820,,"토 06:00~03:00, 일 06:00~03:00, 월 07:00~03:00, 화 07:00~03:00, ",http://smartstore.naver.com/inlineskitv,,f1090268-4312-412a-9e3c-68492eb87052
,렌탈샵,인싸,곤지암리조트,경기,경기도 광주시 도척면 도척윗로 302 곤지암렌탈샵,0507-1346-5062,,매일 08:00~02:00,https://smartstore.naver.com/inssa_gonjiam,inssa.gonjiam,259ee277-68f7-4feb-9af4-fb7e99472a01
,렌탈샵,장비좋은집,곤지암리조트,경기,경기도 광주시 도척면 독고개길 307 1층,0507-1417-7375,정비,매일 08:00~03:00,http://gonjiam.co.kr,gonjiam.co.kr,148c43f3-06c1-4b47-a3a9-4ab448f3f536
,렌탈샵,제이알스키보드,곤지암리조트,경기,경기 광주시 도척면 독고개길302번길 17 제이알스키보드,0507-1466-1526,정비,매일 07:30~02:00,http://jr스키보드.com,,398b384d-0975-4c3a-b0ed-66df9a5a35e2
,렌탈샵,청춘스키,곤지암리조트,경기,경기도 광주시 도척면 도척윗로 248 곤지암스키장렌탈샵,0507-1449-3934,판매,매일 00:00~24:00,http://곤지암스키.com,ccskijjang,fca21f5c-cab5-4064-8a03-741b2dba86c2
,렌탈샵,코코넛렌탈샵,곤지암리조트,경기,경기 광주시 도척면 독고개길302번길 2 1층,0507-1394-2298,,매일 08:00~03:00,https://smartstore.naver.com/dh-house/products/12598671706,,a78c316d-17b6-494c-877a-bc29494c6e71
,렌탈샵,클럽제임스보드,곤지암리조트,경기,경기 광주시 도척면 도척윗로 214 1층,0507-1386-6199,,매일 00:00~24:00,https://smartstore.naver.com/jboard/products/4794930080,james__board,8e5e2af3-31be-49b6-8250-8202caad821b
,렌탈샵,킹스키,곤지암리조트,경기,경기도 광주시 도척면 독고개길302번길 49 1,,판매,매일 00:00~24:00,,,1b82485d-a880-45b1-8a42-0a8eb8605fc0
,렌탈샵,타고놀자,곤지암리조트,경기,경기도 광주시 도척면 독고개길302번길 24 곤지암렌탈샵 타고놀자,0507-1432-1919,,매일 09:00~02:00,http://www.tagonolja.com,tago_nolja,cd6d1521-6c17-4ad2-8581-507d749bb57f
,렌탈샵,허스키,곤지암리조트,경기,경기 광주시 도척면 도척윗로 278,031-8026-5647,,,,,2f3877af-6ff6-4730-b5a9-be7f08157eaa
,렌탈샵,VIP,무주덕유산,전라,전북특별자치도 무주군 설천면 만선로 41 VIP스키,0507-1436-3230,판매,매일 08:00~17:00,https://smartstore.naver.com/mujupangpang/products/4741286239,vip_ski,e3739cdf-674a-4ce2-9674-2600c6071fff
,렌탈샵,ok스키샵,무주덕유산,전라,전북특별자치도 무주군 설천면 내배방길 6,063-322-2213,판매,,,,5266586b-fa6b-4f93-8ca1-a3f98f95ff9e
,렌탈샵,가성비렌탈샵,무주덕유산,전라,전북 무주군 적상면 치마재로 474,0507-1302-8293,판매,"토 07:00~01:00, 일 07:00~01:00, 월 08:00~01:00, 화 08:00~01:00, ",https://smartstore.naver.com/mujureal,,ab17ce7a-bdb5-4f0f-b3dc-6a0eefd33cad
,렌탈샵,강심장,무주덕유산,전라,전북특별자치도 무주군 설천면 만선로 55 강심장스키샵,0507-1345-3601,판매,매일 00:00~24:00,https://smartstore.naver.com/mjski,muju_skishop,1a2c2a7f-6f9f-4b30-bb7c-9cbe87e5d183
,렌탈샵,겨울왕국 스키렌탈,무주덕유산,전라,전북 무주군 설천면 만선로 43 겨울왕국,,,매일 08:00~23:00; 혹시라도 샵 문이 닫혀있다면 전화 주세요~~,https://smartstore.naver.com/muju_skifrozen,muju_ski_frozen,d8688e70-d6a6-4cd6-86f6-aa58e4bb1458
,렌탈샵,국가대표,무주덕유산,전라,전북특별자치도 무주군 설천면 구천동로 1101 1층 국가대표스키샵,0507-1358-6655,판매,"토 07:30~24:00, 일 07:30~24:00, 월 08:00~24:00, 화 08:00~24:00, ",https://www.okmuju.com,okmuju1201,3172a622-228a-4c21-9024-fbcec89ef425
,렌탈샵,굿스키,무주덕유산,전라,전북특별자치도 무주군 설천면 만선로 50 1층,,판매,매일 07:30~01:00,http://www.goodski.co.kr,,d48f1575-afd3-40c8-9ef0-063589c90660
,렌탈샵,그랜드스키샵,무주덕유산,전라,전북특별자치도 무주군 설천면 만선로 74-1,063-323-8080,판매,매일 08:00~24:00,https://smartstore.naver.com/grandskishop/products/11271252688,muju_grandski,cf5aee68-53d5-49c4-92b4-252f77185087
,렌탈샵,넘버원스키샵,무주덕유산,전라,전북특별자치도 무주군 설천면 만선로 53 넘버원스키,0507-1399-8533,판매,매일 08:00~23:00; 스키장 운영 시간 09:00~22:00,https://smartstore.naver.com/no1ski,,1281f1b3-e0ed-4c5d-9756-8289ba5930dc
,렌탈샵,네이버스키샵,무주덕유산,전라,전북특별자치도 무주군 설천면 내배방길 9,,판매,,,,297f3d8f-e620-4bc8-bae4-83867c332771
,렌탈샵,네팔스키샵,무주덕유산,전라,전북특별자치도 무주군 무풍면 구천동로 576,,판매,,,,b124e8ea-56ec-42e2-ac57-40f625763e30
,렌탈샵,노블,무주덕유산,전라,전북특별자치도 무주군 설천면 구천동로 1083-11,0507-1443-3664,판매,매일 08:00~24:00,https://smartstore.naver.com/mujuskirental,,85ffeb27-7c4d-4caa-b3a4-daa62a7255b2
,렌탈샵,다숲스키샵,무주덕유산,전라,전북특별자치도 무주군 설천면 구천동1로 149,,판매,매일 10:00~22:00,http://dasup.kr,mujudasuppensyeon,83460e0c-e95d-493c-8320-9e8e066b7689
,렌탈샵,달인렌탈샵,무주덕유산,전라,전북특별자치도 무주군 설천면 만선로 44 1층,0507-1474-5119,판매,매일 07:50~24:00,http://www.ski-house.co.kr,,2fb14e78-97f1-4b52-9cad-c9a5f75e84f3
,렌탈샵,대박스키샵,무주덕유산,전라,전북특별자치도 무주군 설천면 만선로 52 무주렌탈샵 대박스키샵,0507-1369-0224,판매,"토 07:00~24:00, 일 07:00~24:00, 월 07:30~24:00, 화 07:30~24:00, ",http://www.daebakski.com,,a7dfc648-bb37-4e6a-93c4-acc3636729df
,렌탈샵,대장렌탈샵,무주덕유산,전라,전북특별자치도 무주군 설천면 만선1로 42 무주대장,0507-1313-4251,판매 정비,매일 08:00~01:00; 연중무휴,http://djmuju.com,muju_leader,a93de99a-0035-4c8c-ac75-6fa63ddeb0a1
,렌탈샵,대한민국스키샵,무주덕유산,전라,전북특별자치도 무주군 적상면 치마재로 482,063-324-0365,판매,매일 00:00~24:00,http://www.mujukorea.com,,738c678d-ac60-4c58-b4e2-9ebe0f178a83
,렌탈샵,더블유,무주덕유산,전라,전북특별자치도 무주군 설천면 만선로 46 무주스키샵&렌탈샵더블유,,판매,매일 08:00~24:00,http://wskishop.com,,bcf9c3de-24bf-4a9f-863f-d3298780c876
,렌탈샵,덕유산렌탈샵,무주덕유산,전라,전북특별자치도 무주군 설천면 만선로 10,0507-1352-1022,판매,매일 08:00~24:00,http://www.joyski.com,mujuskishop_,24391a20-82af-4847-97b3-28733907f8d4
,렌탈샵,런닝맨,무주덕유산,전라,전북특별자치도 무주군 설천면 만선로 88 무주런닝맨스키샵 렌탈샵,0507-1370-0657,판매,매일 07:30~24:00,http://www.2dayski.com,,dd1de500-ff9c-4a01-8198-9e1b9a096977
,렌탈샵,레저천국,무주덕유산,전라,전북특별자치도 무주군 설천면 구천동로 856,063-322-6262,,,,,aa99a1a2-cd43-4f77-978f-ebf42f136f60
,렌탈샵,리틀프린스스키샵,무주덕유산,전라,전북특별자치도 무주군 설천면 만선로 36-8,0507-1311-0873,판매,매일 07:00~23:00,https://www.mujuprince,,dd213125-d1bd-40f8-99d9-32ba24a37b33
,렌탈샵,마운틴,무주덕유산,전라,전북특별자치도 무주군 설천면 만선로 78 마운틴스키샵,0507-1365-8076,판매,매일 07:30~24:00,http://mountainski.co.kr,,7198205b-c1ba-4ed7-910a-f763dae85c48
,렌탈샵,만남스키샵,무주덕유산,전라,전북특별자치도 무주군 설천면 만선1로 97,063-322-3801,판매,,,,9db126a0-89a8-40a4-8355-c3919dca69c4
,렌탈샵,멘토렌탈샵,무주덕유산,전라,전북특별자치도 무주군 설천면 만선로 38 무주멘토스키샵,0507-1390-7923,판매,매일 00:00~24:00,https://smartstore.naver.com/mentorski,mentor__ski,79a3c5e9-8781-44a8-97ef-304dd8a0da7d
,렌탈샵,무주보드,무주덕유산,전라,전북특별자치도 무주군 설천면 만선로 84 무주보드,063-322-0408,,매일 00:00~24:00,http://www.mujuboards.com,,77e05a0b-2b54-46a6-bb1f-3ebfa92a3164
,렌탈샵,무주스노우맨,무주덕유산,전라,전북 무주군 설천면 구천동로 852 B1,063-323-7774,,,http://www.snowmen.co.kr,,1a94a027-38ab-4a72-a277-8d8350d1f318
,렌탈샵,무주스키,무주덕유산,전라,전북 무주군 설천면 만선로 70,0507-1385-6611,,매일 00:00~24:00,http://mujuski.co.kr,muju.skii,03f05a91-05b1-4e27-bea9-b4d4990e87c7
,렌탈샵,무주정스키샵 렌탈샵,무주덕유산,전라,전북특별자치도 무주군 설천면 만선로 92 무주정스키샵렌탈샵,063-322-9933,판매,매일 07:30~00:05,http://www.jungskishop.com,,4eccf338-d1a2-4594-86c4-f94a20b04791
,렌탈샵,무주킹스키샵 렌탈샵,무주덕유산,전라,전북특별자치도 무주군 설천면 만선로 76 킹스키샵,0507-1493-4201,판매,매일 07:30~24:00,http://kingski.co.kr,,77e80305-e0d2-4514-96e3-0b7720cc2d8a
,렌탈샵,무한도전스키샵,무주덕유산,전라,전북특별자치도 무주군 설천면 만선로 58,063-323-3570,판매,매일 07:00~24:00; 시즌중 연중무휴,http://무한도전스키샵.com,,a937a30b-33d7-42bf-82e2-4236d5e8a0b4
,렌탈샵,백암스키,무주덕유산,전라,전북특별자치도 무주군 설천면 만선로 32 1층,,판매,매일 08:00~24:00,http://www.100am.co.kr,,c30d59f7-9fe1-4f2f-9d72-64528f346bef
,렌탈샵,베이스캠프,무주덕유산,전라,전북 무주군 설천면 만선로 68 베이스캠프,0507-1395-6445,정비,토(9/5) 휴무; 일(9/6) 휴무; 월(9/7) 휴무; 화(9/8) 휴무; 수(9/9) 휴무; 목(9/1,http://www.준스키타운.com,muju_skishop_basecamp,2ebd6c39-2e4d-4603-8df2-80a1869fa9c0
,렌탈샵,봉구스키,무주덕유산,전라,전북특별자치도 무주군 설천면 구천동로 1059,063-323-3140,,매일 00:00~24:00,,,f4d733d3-29e9-4d7f-ba5d-12a031264a60
,렌탈샵,봉스키,무주덕유산,전라,전북 무주군 설천면 만선로 34 봉스키,0507-1424-8090,,매일 08:00~24:00,https://smartstore.naver.com/bongski,bong.skiski,114023c9-e314-47b8-8d03-f3b5d2434f49
,렌탈샵,빅스키샵,무주덕유산,전라,전북특별자치도 무주군 설천면 만선로 30,063-324-2021,판매,매일 00:00~24:00,http://bigski.kr,,08282524-6b5c-481e-afa5-aecf0dea50c4
,렌탈샵,세븐레포츠&인터스키,무주덕유산,전라,전북 무주군 설천면 만선로 63,063-322-0014,,매일 00:00~24:00,http://mujusevenleports.com,7leports,415c9a90-2d7a-4133-9de6-6d7ec08d5905
,렌탈샵,스노우밸리,무주덕유산,전라,전북특별자치도 무주군 설천면 만선로 36-37,0507-1373-6683,판매 정비,매일 07:50~22:00 (브레이크 16:00~17:00); 오전렌탈08:00 오후렌탈11:30 야간렌탈1,http://무주스노우밸리스키샵.shop,snow.valley.ps,4f708334-02e4-4ad9-b996-31e3c0d5d486
,렌탈샵,스노우파크,무주덕유산,전라,전북특별자치도 무주군 설천면 만선1로 60,0507-1433-2426,판매,"토 06:00~24:00, 일 06:00~24:00, 월 07:30~24:00, 화 07:30~24:00, ",http://www.mujusp.com,,7f1163f3-7e57-449e-acc5-5de479e87a96
,렌탈샵,스카이렌탈샵,무주덕유산,전라,전북특별자치도 무주군 설천면 구천동로 1063,0507-1406-0793,판매,"토 07:30~01:00, 일 07:30~01:00, 월 08:00~01:00, 화 08:00~01:00, ",https://www.mujusky.co.kr,mujuskyski,e2e45be4-9862-4495-b10a-ad9fcbab299c
,렌탈샵,스키광장,무주덕유산,전라,전북 무주군 설천면 만선로 60,0507-1381-3285,정비,매일 08:00~24:00,http://www.allmuju.co.kr,sangeun011,08b6abc5-d419-481f-91e7-5728f607eade
,렌탈샵,스키라이프,무주덕유산,전라,전북특별자치도 무주군 설천면 만선로 36-2 스키라이프,063-322-9113,판매,"토 07:00~00:30, 일 07:00~00:30, 월 07:50~00:30, 화 07:50~00:30, ",https://www.skilife.co.kr,skilife_king,7a4bea2c-0f61-4efc-870b-83e5b562af00
,렌탈샵,스키랜드,무주덕유산,전라,전북특별자치도 무주군 적상면 치마재로 472,0507-1391-5202,판매 정비,매일 08:00~24:00; 영업시간은 오전8시 마감시간은 익일 오전1시입니다.,https://skiland.kr,,8662bc0a-bb74-4e65-bdae-7d4ceaa8d6a5
,렌탈샵,스키마을,무주덕유산,전라,전북특별자치도 무주군 설천면 내배방길 8,0507-1374-2688,판매,매일 00:00~24:00,http://www.mujuski.net,,a9984c9c-4cd4-4b31-8026-e976cf766723
,렌탈샵,스키스쿨,무주덕유산,전라,전북특별자치도 무주군 설천면 만선로 49 무주스키스쿨,0507-1335-1140,판매,매일 08:00~24:00,https://www.무주스키스쿨.com,mujuskischool,8056a84d-f57c-467a-8e59-c33b422361d9
,렌탈샵,스키앤스키스키샵,무주덕유산,전라,전북 무주군 적상면 치마재로 480 스키엔스키 스키샵,063-322-2582,판매,,,,360e255e-ae73-4c85-beb7-b77be8e635a5
,렌탈샵,스키월드,무주덕유산,전라,전북특별자치도 무주군 설천면 만선로 82 무주스키샵&렌탈샵 스키월드,0507-1356-2012,판매,"토 06:50~24:00, 일 06:50~24:00, 월 07:40~23:55, 화 07:40~23:55, ",https://www.mujuskiworld.com,,3fd5fdfd-533b-4d14-a1c9-a9d41bb3fba9
,렌탈샵,스키일번지,무주덕유산,전라,전북특별자치도 무주군 설천면 만선로 62,063-322-9555,판매,,http://www.1-ski.co.kr,skiyanolja,3b7b297b-fd8a-46ae-a936-20105ae8aa5a
,렌탈샵,신세계스키,무주덕유산,전라,전북특별자치도 무주군 설천면 구천동로 1079-3,,,,,,71238706-2c6a-4821-98af-b9ab90113a00
,렌탈샵,실크로드,무주덕유산,전라,전북특별자치도 무주군 설천면 만선로 57 실크로드 스키샵,0507-1481-7115,판매,"토 07:30~24:00, 일 07:30~24:00, 월 08:00~24:00, 화 08:00~24:00, ",http://www.mujusilk.com,mujusilk,c13521ab-0fe8-4cab-adf2-5670d744bd6b
,렌탈샵,씽씽스키샵,무주덕유산,전라,전북특별자치도 무주군 설천면 삼공리 152-2,063-322-5568,판매,,,,616b4eee-a580-438f-90b6-b5c9d7b5faf6
,렌탈샵,아리랑스키,무주덕유산,전라,전북특별자치도 무주군 설천면 만선로 3 아리랑스키,0507-1472-7822,판매 정비,매일 08:10~24:00,http://www.arirangski.com,arirangski_board,83a0531a-7dd6-4713-9b5b-01fd248ad96c
,렌탈샵,알에스에스,무주덕유산,전라,전북특별자치도 무주군 설천면 만선1로 38 RSS,0507-1358-3008,판매 정비,매일 00:00~24:00,http://rssmuju.com,,6754c02c-0933-4e53-82ce-9b43a84dd6b8
,렌탈샵,알토스키샵,무주덕유산,전라,전북특별자치도 무주군 설천면 만선로 72 알토스키샵,0507-1481-6114,판매,매일 08:00~23:55,http://altoski.co.kr,,03d5718c-5554-442b-b161-5eddb592e697
,렌탈샵,알파인렌탈샵,무주덕유산,전라,전북특별자치도 무주군 설천면 만선로 6,063-322-0044,판매,매일 07:30~23:50,http://www.mujualpine.co.kr,mujualpine,467f05b5-0f81-4059-995c-77637229abe9
,렌탈샵,에이스,무주덕유산,전라,전북특별자치도 무주군 설천면 만선로 47 무주스키샵 렌탈샵 에이스,063-322-8411,판매,매일 08:00~00:30,http://www.aceskishop.co.kr,muju.aceski_,43372b06-b3f7-4479-9a96-9b1c8342f750
,렌탈샵,와우,무주덕유산,전라,전북특별자치도 무주군 설천면 만선로 26,0507-1374-0304,판매,매일 00:00~24:00,http://와우스키.com,,48b977be-9263-47a7-8057-7f146071eaa2
,렌탈샵,이소스키,무주덕유산,전라,전북특별자치도 무주군 설천면 만선로 86 무주스키샵&렌탈샵 이소스키,0507-1374-8556,판매,매일 00:00~24:00,http://www.isoski.com,,7e51bb5a-cef4-44ef-bf7a-51894f4e50c5
,렌탈샵,일성스키샵,무주덕유산,전라,전북특별자치도 무주군 무풍면 라제통문로 455,063-324-0339,판매,매일 07:00~23:30,,,4a586898-f119-4b48-8012-29ca1f24511c
,렌탈샵,일타,무주덕유산,전라,전북특별자치도 무주군 설천면 만선로 45 무주일타스키샵,0507-1429-1719,판매 정비,매일 00:00~24:00; 무주덕유산리조트 시즌 종료 후 스키샵 영업 안함,http://일타스키샵.com,,d3295db9-8126-49e3-88cf-08605188fde2
,렌탈샵,초이스렌탈,무주덕유산,전라,전북특별자치도 무주군 설천면 구천동로 1058 초이스스키샵,0507-1397-3421,판매,매일 08:00~24:00,https://www.kgrc.co.kr,muju_choice_ski,c5bda6bd-ee0b-48b7-b4df-4876b61607a5
,렌탈샵,탑스키,무주덕유산,전라,전북 무주군 설천면 만선로 64,063-322-8866,,"토 06:00~24:00, 일 06:00~24:00, 월 07:00~24:00, 화 07:00~24:00, ",http://www.top-ski.co.kr,,f862004f-d19b-4d89-a7d9-f101aee665f2
,렌탈샵,파워스키앤레저,무주덕유산,전라,전북특별자치도 무주군 설천면 원삼공1길 3,063-322-8055,,매일 00:00~24:00,,,90bcb4da-b8b2-41d9-aec5-303f5934213c
,렌탈샵,포세이돈스키샵,무주덕유산,전라,전북특별자치도 무주군 설천면 구천동로 1096 포세이돈스키샵,0507-1436-4628,판매,매일 08:00~22:00,,,8974e400-afd8-4a0d-9a4e-461e1241f725
,렌탈샵,풀하우스스키,무주덕유산,전라,전북특별자치도 무주군 설천면 내배방길 18,063-322-0100,,매일 09:00~18:00,,,a698cdec-028c-4bf7-8eef-5d11e7df1d68
,렌탈샵,하늘풍경스키샵,무주덕유산,전라,전북 무주군 설천면 만선1로 28,0507-1382-5407,판매,매일 00:00~24:00,,,f1854b11-06ec-4718-9199-91ae947bce33
,렌탈샵,하얀나라,무주덕유산,전라,전북특별자치도 무주군 설천면 만선로 18 1층,0507-1436-3560,판매,매일 08:00~23:55,http://www.mujuskishop.com,muju_hayannara,4bbc7010-ae82-4da6-992e-53d058da6f4c
,렌탈샵,허커,무주덕유산,전라,전북특별자치도 무주군 설천면 만선로 40,,판매,매일 08:00~01:00,http://huckerski.com,,c92c49f6-783d-4784-bbb1-d541727371d3
,렌탈샵,현대렌탈샵,무주덕유산,전라,전북특별자치도 무주군 설천면 만선로 22,0507-1346-1664,판매 정비,매일 00:00~24:00,http://www.gomuju.com,hyundaeski_town,40dc2aa6-a336-449b-a805-08eee2d6d85e
,렌탈샵,홀리데이,무주덕유산,전라,전북특별자치도 무주군 설천면 외배방길 10,0507-1328-7992,판매,,http://www.mujuholiday.com,,89dd0f5e-54c1-4419-b353-79f9ddd3b828
,렌탈샵,훼미리스키마트,무주덕유산,전라,전북특별자치도 무주군 설천면 관동길 15,063-322-6756,,,,,a700b82b-3fb4-4238-9f8b-c2d9543cbad1
,렌탈샵,훼미리스키샵,무주덕유산,전라,전북 무주군 설천면 구천동로 894,063-324-7774,판매,,http://www.mujuiloveski.com,,f5be145a-b6c5-4e2c-b8b6-d178c1a6b8c4
,렌탈샵,153스키,비발디파크,경기,경기도 양평군 단월면 단월로 422,,,,,,64effc94-61c0-4474-badc-6f58579aa7ee
,렌탈샵,VIP,비발디파크,강원,강원특별자치도 홍천군 서면 한서로 2086 VIP렌탈샵,0507-1444-0357,,매일 00:00~24:00,https://smartstore.naver.com/xboard/category/ALL?cp=1,vivaldivip1,b0189b89-db1b-4911-9039-9ad75f4d3959
,렌탈샵,가까운렌탈샵,비발디파크,강원,강원특별자치도 홍천군 서면 한치골길 629 가까운렌탈샵,0507-1390-6230,정비,매일 00:00~24:00,https://smartstore.naver.com/rentalpresident,,7e3f721c-ecb4-4035-aded-cd8d7785ab5b
,렌탈샵,간지스키,비발디파크,강원,강원특별자치도 홍천군 서면 한서로 2141-3 1층 3호,033-434-7645,,매일 08:00~17:00; 평일 월  스키장 야간 PM11시 운영 새벽 반납받음,http://www.ganziski.com,ganziski,adf6ea6e-8e07-4050-afa1-fcc61a34baa5
,렌탈샵,겨울이야기,비발디파크,강원,강원특별자치도 홍천군 서면 한치골길 73,0507-1329-8723,,매일 07:30~04:00; 전화 상담은 오전8시부터 저녁 12시까지 가능합니다.,http://겨울이야기.com,,91b335fa-1246-4cd6-8d17-628a195e9589
,렌탈샵,고스키,비발디파크,강원,강원특별자치도 홍천군 서면 한서로 2175 고스키,,판매,매일 07:00~03:00,,,efb02724-c531-4e49-be74-7c5b68b356d0
,렌탈샵,국가대표,비발디파크,강원,강원특별자치도 홍천군 서면 한서로 2107,0507-1404-5071,,매일 08:00~03:30,https://gbteamkorea.com,vivaldi_park_teamkorea,3acfb415-47f7-46a8-ae93-58fcf16c64b8
,렌탈샵,깜보드,비발디파크,강원,강원 홍천군 서면 한서로 2153 깜보드,0507-1395-0005,,매일 00:00~24:00,https://smartstore.naver.com/kkam-chojun7474,,f591a79f-d398-43cc-bff3-c6217055ee7f
,렌탈샵,넘버원,비발디파크,강원,강원특별자치도 홍천군 서면 한치골길 34 넘버원 렌탈샵,0507-1362-9203,,매일 08:30~04:00,https://smartstore.naver.com/number1rentalshop,number.1_rental_surf,428e6c36-4f63-440f-ac80-26d13e732789
,렌탈샵,다이나믹스포츠,비발디파크,강원,강원 홍천군 서면 한치골길 47,033-434-7097,,,,,64db2210-dcfb-4b3c-9efc-0354395356c8
,렌탈샵,대명비발디샤모니스키,비발디파크,강원,강원 홍천군 서면 한서로 1889,033-434-0774,,,http://www.shamony.co.kr,,4225f3d6-b6fd-42f2-8a5a-8350133c71a0
,렌탈샵,대한민국,비발디파크,강원,강원특별자치도 홍천군 서면 한치골길 49 비발디파크 렌탈샵 대한민국,,,매일 00:00~24:00,https://smartstore.naver.com/koreaski,,9381fa80-2a69-4582-97f0-2b786e7eefe4
,렌탈샵,더드림,비발디파크,강원,강원특별자치도 홍천군 서면 한치골길 911 더드림렌탈샵,,,매일 00:00~24:00; 스키장 오픈 ~ 마감 시간까지 영업합니다!!,https://smartstore.naver.com/vivaldithedream,,035c65e7-aee0-42d7-8592-5f23501a6362
,렌탈샵,더스노우,비발디파크,강원,강원특별자치도 홍천군 서면 한서로 2125 비발디파크 렌탈샵 더스노우,0507-1407-0878,,매일 08:00~03:00,,,30107774-352d-4a1e-8cbb-362e99e044bb
,렌탈샵,렌타르,비발디파크,경기,경기도 양평군 단월면 단월로 288,031-755-1505,,,,,8c04289d-e6bc-4366-80b1-ad7417dd31d3
,렌탈샵,리더스,비발디파크,강원,강원특별자치도 홍천군 서면 한서로 2123 리더스,033-435-1113,,매일 00:00~24:00,http://leadersski.net,,7f2ae50a-83d3-4a18-bdb6-3b144eb41e0e
,렌탈샵,백야&눈탱이,비발디파크,강원,강원특별자치도 홍천군 서면 한서로 1893 백야&눈탱이,02-6328-1704,,,http://www.100ya.co.kr,,c2358516-cbdc-4b8d-a605-53026c67f728
,렌탈샵,보드윤,비발디파크,강원,강원특별자치도 홍천군 서면 한치골길 1004 비발디파렌탈샵 보드윤,,,매일 00:00~24:00,http://boardyoon.com,board_yoon,d0430f95-31f1-4438-9475-f63b73373543
,렌탈샵,보스,비발디파크,강원,강원특별자치도 홍천군 서면 한서로 2207 1층 렌탈샵 보스,0507-1397-7906,판매,매일 00:00~24:00; 24시간 휴무일 없이 운영합니다,https://vivaldiboss.com,boss_rental_,e05b124a-7dad-4bae-bbad-d5947c9ab03c
,렌탈샵,볼컴,비발디파크,강원,강원특별자치도 홍천군 서면 한치골길 961 파우더렌탈샵,0507-1435-1309,,매일 00:00~24:00,https://smartstore.naver.com/powderrentalshop,,015f6c9c-80b0-416d-bcb7-379da87398d1
,렌탈샵,비발디파크 렌탈샵,비발디파크,강원,강원특별자치도 홍천군 서면 한서로 2118 1층,0507-1314-6113,,매일 00:00~24:00,https://smartstore.naver.com/-mz,saapp_mz,6ee08325-3cd1-4a07-a90e-fff6c7bcdc99
,렌탈샵,비전,비발디파크,강원,강원특별자치도 홍천군 서면 한서로 2166 비발디파크 렌탈샵,0507-1397-1948,,매일 00:00~24:00,https://vivaldivision.co.kr,vivaldi_vision,68c28fe6-764f-461a-96fc-9e0ffe00b2c4
,렌탈샵,뽀드득에찌,비발디파크,강원,강원특별자치도 홍천군 서면 한치골길 759 비발디파크렌탈샵 뽀드득에찌,0507-1395-3018,정비,"토 08:00~04:00, 일 08:00~04:00, 월 08:00~00:30, 화 08:00~04:00, ",https://smartstore.naver.com/edge_r,edge__rental,aff35f0e-3e97-4851-ac88-5485f1560dc4
,렌탈샵,뽀루꾸렌탈샵,비발디파크,강원,강원특별자치도 홍천군 서면 한서로 2051-8,0507-1336-1044,,,https://smartstore.naver.com/bboruggu,,6f44a10b-b062-4a31-9e34-824fb4d114db
,렌탈샵,세븐레저,비발디파크,경기,경기도 양평군 단월면 단월로 412,0507-1408-3556,,매일 00:00~24:00,http://www.sevenleisure.co.kr,,f9c1f94c-c4ef-4261-a30d-b4bfca370e6e
,렌탈샵,슈퍼맨,비발디파크,강원,강원특별자치도 홍천군 서면 한치골길 710 비발디파크 렌탈샵 슈퍼맨,0507-1351-0766,,매일 00:00~24:00 (브레이크 04:00~08:00),http://www.dmsm.co.kr,,77e936e2-55b9-4f21-afb5-5ac1967eb605
,렌탈샵,스노우뷰,비발디파크,강원,강원특별자치도 홍천군 서면 한서로 2217 비발디파크 렌탈샵,0507-1399-8258,정비,매일 07:30~05:30; 비발디파크 시즌내 24시간 영업,https://smartstore.naver.com/leportsview94,vivaldipark_snowview,52ed4b06-ae91-4229-ae42-d237fc180b8b
,렌탈샵,스마일,비발디파크,강원,강원특별자치도 홍천군 서면 한치골길 1023 1층 비발디파크 렌탈샵 스마일 렌탈,0507-1431-0285,판매,매일 00:00~24:00; 연중무휴,https://www.smileski.kr,smile.ski,55e0039d-1aed-455e-8eed-42f13a0b5ef0
,렌탈샵,스키나라,비발디파크,강원,강원특별자치도 홍천군 서면 한치골길 59,,,,,,32df4a6e-eb9f-4f97-a42f-e46f68429d15
,렌탈샵,스키랜드강습센터,비발디파크,강원,강원특별자치도 홍천군 서면 한치골길 606 1층,0507-1430-2850,,매일 00:00~24:00,https://smartstore.naver.com/skiland1,,30c4305e-174f-4c74-a640-b117fb9e34ab
,렌탈샵,스키로,비발디파크,강원,강원특별자치도 홍천군 서면 한치골길 45 1층,,판매,매일 08:00~22:00,,,da708039-0fdc-4cd8-84c3-33a206b8065b
,렌탈샵,스키복예쁜집&스키핏스키스쿨,비발디파크,강원,강원특별자치도 홍천군 서면 한치골길 712,0507-1377-1228,판매,월 08:00~23:00; 토 정기휴무 (매주 토요일); 일 정기휴무 (매주 일요일); 화 정기휴무 (매주 ,https://smartstore.naver.com/skifit,skifitkorea,3120995e-3748-42c7-95bf-3ebf42361545
,렌탈샵,스키아,비발디파크,강원,강원특별자치도 홍천군 서면 한서로 2093,033-435-3009,판매,"토 정기휴무, 일 정기휴무, 월 00:00~24:00, 화 00:00~24:00, 수 00:00~24:00,",,,08e5ec43-0f60-44c5-8107-14c9fb63bec7
,렌탈샵,스키야놀자,비발디파크,강원,강원특별자치도 홍천군 서면 한치골길 905 비발디파크 렌탈샵 스키야놀자,0507-1307-9915,판매,매일 00:00~24:00; 비발디파크 스키장 폐장일까지 운영,https://smartstore.naver.com/skiyanolja,vivaldipark_skiya_nolja,bdff0619-1883-4253-a777-524c8408b287
,렌탈샵,스키창고,비발디파크,강원,강원특별자치도 홍천군 서면 한치골길 824,033-435-8288,판매,매일 00:00~24:00,http://skichanggo.com,,3b690027-5458-4f66-acf1-2c46e45d0a64
,렌탈샵,스키토탈,비발디파크,강원,강원특별자치도 홍천군 서면 한서로 2101 스키토탈,0507-1393-0893,판매,매일 07:30~23:00,http://www.스키토탈.kr,,2fc2fcbd-bc26-478c-96d6-4424ac1737a3
,렌탈샵,신영티켓,비발디파크,강원,강원 홍천군 서면 한치골길 75-12,0507-1353-6448,,,https://smartstore.naver.com/dudgns/products/2339641006,,b9be27e5-e201-48e4-808b-bbeacdcbddd3
,렌탈샵,아지트,비발디파크,강원,강원특별자치도 홍천군 서면 한치골길 952 비발디파크 렌탈샵,0507-1355-6448,정비,"토 08:00~04:00, 일 08:00~04:00, 월 08:30~04:00, 화 08:30~04:00, ",https://www.agitski.com,VVD_AGIT,79ffd709-83a4-4bbb-9363-254f60d7db39
,렌탈샵,알샵,비발디파크,강원,강원 홍천군 서면 한서로 2133,033-435-5628,정비,매일 00:00~24:00,,,96cb78e8-d121-4b4c-aa5a-cbb51330ad76
,렌탈샵,알파인애플,비발디파크,강원,강원 홍천군 서면 팔봉산로 1151,,,,,,583aa293-62b9-4f49-8836-e4e719282c5b
,렌탈샵,에스앤에스,비발디파크,강원,강원특별자치도 홍천군 서면 한서로 2054,0507-1383-9332,,매일 00:00~24:00,https://snsski.imweb.me,,45caf997-fc56-480f-9349-8d163bf7624c
,렌탈샵,엠엔엠,비발디파크,강원,강원특별자치도 홍천군 서면 한치골길 767 비발디파크렌탈샵 엠엔엠프리미엄샵,0507-1382-1627,,매일 00:00~24:00,http://pf.kakao.com/_MALwG,mnm_premiun_shop,87fd8757-0daa-4e72-be7a-cb63ecbb251a
,렌탈샵,이글루,비발디파크,강원,강원특별자치도 홍천군 서면 한서로 2235 이글루 렌탈샵,0507-1377-4366,,매일 00:00~24:00,https://smartstore.naver.com/igloorental,igloo_vivaldi,0d3b3b64-85ed-4cb0-a47a-32eb7ef6009f
,렌탈샵,인생렌탈샵,비발디파크,강원,강원특별자치도 홍천군 서면 한서로 2137 비발디파크인생렌탈샵,0507-1398-3539,,"토 08:00~04:00, 일 08:00~04:00, 월 08:00~24:00, 화 08:00~04:00, ",https://smartstore.naver.com/theliferental,vivaldi_liferental,f7dedbbb-0f90-4ed4-a3ae-896ee525f76e
,렌탈샵,잘난스키,비발디파크,강원,강원특별자치도 홍천군 서면 한서로 2167 1층 잘난스키,0507-1337-2631,판매,매일 08:00~03:00; 전화상담 가능시간은 08시 ~ 24시까지입니다.,https://smartstore.naver.com/jalnanski,jalnanski,6a6bfa66-cee8-47ce-93a8-7ac075f74a29
,렌탈샵,제이하우스렌탈샵,비발디파크,경기,경기도 양평군 단월면 단월로 390,,,,,,63deacbe-2917-4dd5-a795-0a0326d4bb5e
,렌탈샵,제임스보드,비발디파크,강원,강원특별자치도 홍천군 서면 한치골길 972 제임스보드,0507-1347-9897,,매일 07:00~04:00; 매주 월 화요일은오전 7시 부터 23시까지운영,https://smartstore.naver.com/jamesboard,,f7dc4fdf-b09d-4d43-b30c-0ccc3fa258e5
,렌탈샵,찌찌뽕,비발디파크,강원,강원특별자치도 홍천군 서면 한서로 2177 1층 찌찌뽕 렌탈샵,0507-1407-9227,,매일 00:00~24:00,http://zzbbong.kr,zzizzi.bbong,01c69c22-ce30-406a-bdb3-22f1bb0ac5a4
,렌탈샵,찐렌탈샵,비발디파크,강원,"강원특별자치도 홍천군 서면 한치골길 39 1, 2층",0507-1328-2250,판매,매일 08:00~04:30,https://smartstore.naver.com/jjinrental,5sungjun,2de7e93d-49d4-4b87-99da-3b893dc8d25a
,렌탈샵,챔피언 스키보드,비발디파크,강원,강원특별자치도 홍천군 서면 한치골길 702 비발디파크 렌탈샵 챔피언 스키보드,0507-1340-4912,,매일 08:00~23:00,https://championski.net,,5c6248b6-b173-4429-a017-aab9fecbb9c3
,렌탈샵,친절한렌탈샵,비발디파크,강원,강원특별자치도 홍천군 서면 한치골길 797 친절한렌탈샵,0507-1461-3089,,매일 00:00~24:00,http://www.kindrental.com,,2d833a74-175a-4853-b991-492c7607c673
,렌탈샵,캐럿하우스,비발디파크,강원,강원특별자치도 홍천군 서면 한서로 2121 비발디파크 렌탈샵 캐럿하우스,0507-1405-9654,,매일 00:00~24:00,https://smartstore.naver.com/azitsono,carr0t_house,a39c9a0d-30ac-4ce5-bb63-62ea911c7956
,렌탈샵,코리아,비발디파크,강원,강원특별자치도 홍천군 서면 한치골길 1000 코리아렌탈샵,,,매일 08:30~23:55 (브레이크 19:00~20:00),https://smartstore.naver.com,vivaldi_korea_ski,a1f2d372-5b3f-4d84-a820-a8628edc56a5
,렌탈샵,클럽나인,비발디파크,강원,강원특별자치도 홍천군 서면 한서로 2211 1층,,,매일 08:00~03:00,https://smartstore.naver.com/clubnine9,clubnine9,c54524af-4e5c-4195-9aec-8517fbabad9c
,렌탈샵,토마토,비발디파크,강원,강원특별자치도 홍천군 서면 한치골길 602 토마토렌탈샵,033-433-4933,,매일 07:30~24:00,https://www.v-tomato.com,vivaldi_tomato,4dda7ec4-4319-46d2-9b10-6d5b0314c09f
,렌탈샵,후루꾸,비발디파크,강원,강원특별자치도 홍천군 서면 한서로 2051-2,033-434-1055,,매일 00:00~24:00,,,8c30f4c8-c0a1-413c-8ee6-90951049b0ab
,렌탈샵,K2스키샵,알펜시아,강원,강원특별자치도 평창군 대관령면 올림픽로 45 K2 스키클럽,033-336-8866,판매,,,k2_ski_club,9010bc56-91fb-4f16-8441-e9b221f1fa18
,렌탈샵,겨울바라기,알펜시아,강원,강원특별자치도 평창군 대관령면 올림픽로 238 겨울바라기스키샵,033-336-9884,,매일 08:00~23:00; 영업중 ~ 23:00에 영업종료,http://www.joy-fun.co.kr,,521d812e-6b3d-4cc9-96e5-0089e9b1d680
,렌탈샵,겨울이야기,알펜시아,강원,강원특별자치도 평창군 대관령면 올림픽로 18 1층,0507-1315-3305,,매일 00:00~24:00,http://용평겨울이야기.com,winter3story,064c9cde-d271-473e-9250-4fa54454bb55
,렌탈샵,눈내리는겨울,알펜시아,강원,강원특별자치도 평창군 대관령면 올림픽로 236,0507-1409-9959,정비,매일 07:00~24:00,,,7be6f298-85e7-47ed-af74-75d7786faa68
,렌탈샵,닥터스노우렌탈샵,알펜시아,강원,"강원특별자치도 평창군 대관령면 올림픽로 56 101호, 102호, 103호",0507-1356-4233,,토 08:00~23:00 (브레이크 16:00~17:00); 일 08:00~23:00 (브레이크 16:00~,http://www.drsnow.kr,,cb745cb9-b86e-40c1-9ae4-c4167c2d231d
,렌탈샵,디스커버리렌탈샵,알펜시아,강원,강원특별자치도 평창군 대관령면 올림픽로 22 디스커버리,0507-1484-5571,,매일 08:00~23:00,,discovery_sns,dfab15e3-6f45-4fc9-977f-457391a578dd
,렌탈샵,레인보우,알펜시아,강원,강원특별자치도 평창군 대관령면 올림픽로 246 레인보우,0507-1403-5001,,매일 00:00~24:00,https://rainbowskishop.com,rainbow_ski_shop,1941621e-5a37-4182-bdda-c718d8b9866a
,렌탈샵,몬스터설인,알펜시아,강원,강원특별자치도 평창군 대관령면 삼현동1길 10-6,0507-1312-0932,판매,매일 08:30~22:00,http://www.salinski.co.kr,,b28fe5c7-bc4c-476f-95a7-7094b742cfe1
,렌탈샵,비버네렌탈샵,알펜시아,강원,강원특별자치도 평창군 대관령면 솔봉로 278-14 1층 102호,0507-1360-5721,,매일 00:00~24:00; 알펜시아&용평 리조트 겨울시즌 영업기간 동일하게 운영함,https://beavers.kr,beavers_ski_,4f0b0fc7-c12d-44a5-9066-dc23ea6cac72
,렌탈샵,스키911,알펜시아,강원,강원 평창군 대관령면 올림픽로 10 스키911,,,영업 중 / 23:00에 영업 종료 (현재상태만),,youngjong_an,8865f237-bb1f-4859-aa61-e1ba9ef3453c
,렌탈샵,스키여행,알펜시아,강원,강원특별자치도 평창군 대관령면 올림픽로 32 스키여행,0507-1420-1568,정비,매일 07:30~23:00; 시즌중에는 무휴,https://smartstore.naver.com/ski-travel,skitravel__,2fdb94d6-f2fd-4a2a-857a-8a00740e27b9
,렌탈샵,알프스렌탈샵,알펜시아,강원,강원특별자치도 평창군 대관령면 경강로 5178 1층 1호,033-336-1777,,매일 07:30~23:00,https://smartstore.naver.com/alpsski,,8eddff32-619b-4990-974e-e154b390d7c7
,렌탈샵,용평오대산레져,알펜시아,강원,강원 평창군 대관령면 올림픽로 242 1층,0507-1438-6625,정비,매일 00:00~24:00,http://www.ypski.net,p,b93ac483-025a-4238-a626-2d8df3397e2f
,렌탈샵,착한렌탈샵,알펜시아,강원,강원특별자치도 평창군 대관령면 솔봉로 260-3 착한렌탈샵,0507-1354-5989,,매일 08:00~23:00,,,d0a016e5-08be-4968-927e-cf28e8b7d52e
,렌탈샵,최강스키,알펜시아,강원,강원 평창군 대관령면 솔봉로 296 1층 112호,0507-1490-5903,,매일 00:00~24:00,,,e576637a-a541-478b-afc4-347a78130ce3
,렌탈샵,친절한렌탈샵,알펜시아,강원,강원특별자치도 평창군 대관령면 솔봉로 236-3 알펜시아 용평리조트 친절한렌탈샵,0507-1389-9263,,매일 08:00~23:55; 26년3월 8일부터 26년11월1일까지 휴무입니다,https://www.kindski.kr,,e45f3b36-82ba-482d-bf5f-24adb4ceb726
,렌탈샵,코리아레저스쿨,알펜시아,강원,강원특별자치도 평창군 대관령면 올림픽로 234,0507-1364-7811,,매일 07:00~24:00,http://koreals.co.kr,korealeisureschool,4a99242f-1d6b-4548-97a4-b89becd356ec
,렌탈샵,코리아레포츠스키샵,알펜시아,강원,강원특별자치도 평창군 대관령면 올림픽로 41 42-1,033-336-3875,판매,,,,97d10c29-7b07-4812-9fa1-4ddda76fc498
,렌탈샵,포인트스키,알펜시아,강원,강원특별자치도 평창군 대관령면 올림픽로 12,033-336-0297,정비,매일 07:30~23:00,http://www.pointski.com,pointski_yongpyong,3fc70c6c-62f8-4113-a8db-5ab1904f2c71
,렌탈샵,피셔스키,알펜시아,강원,강원특별자치도 평창군 대관령면 경강로 5170,033-336-9877,판매,매일 08:00~22:00,https://fischer.qrsvc.kr,,a15b9b26-1ac5-4dce-bb56-a62f99628c12
,렌탈샵,필라스키,알펜시아,강원,강원 평창군 대관령면 올림픽로 248,033-336-0005,,매일 00:00~24:00,,,a0746988-105c-4aa3-9785-4107ae75f0ec
,렌탈샵,환타피아,알펜시아,강원,강원특별자치도 평창군 대관령면 올림픽로 240 환타피아,0507-1365-2554,,매일 00:00~24:00,https://fantapia.qrsvc.kr,fantapia_rental,0f4778fb-db36-448c-aed3-4e3f51e4fa4d
,렌탈샵,간지택 스키,에덴밸리,경상,경상남도 양산시 어실로 505 간지택스키,0507-1416-2624,,매일 00:00~24:00,http://www.ganzitag.com,,a1366f38-c4a3-41c2-8fa0-e5feddf11b40
,렌탈샵,고고스키,에덴밸리,경상,경남 양산시 어곡동 어실로 218,,,,,,cfc9aebf-61cf-4145-9179-ba9b157e89dc
,렌탈샵,다모아레저,에덴밸리,경상,경상남도 양산시 원동면 고점길 50,,판매,매일 10:00~20:00,,,5ac6b652-2011-484c-8b01-f7cd55ceec3c
,렌탈샵,산타스키샵,에덴밸리,경상,경상남도 양산시 어실로 438 산타스키샵,,판매,매일 08:00~24:00,,,1e097dda-db35-494e-aad5-c25d08a2a966
,렌탈샵,스키타는고양이,에덴밸리,경상,경상남도 양산시 어실로 432 1층 스키타는고양이 스키샵,0507-1448-2321,판매,매일 08:30~20:00,,skypush79,1f50aa06-1777-46b0-8191-ed9478f0a28b
,렌탈샵,에덴밸리브이스키,에덴밸리,경상,경상남도 양산시 어실로 608 1층 에덴밸리브이스키,0507-1389-1320,,매일 00:00~24:00; 시즌중 연중무휴,http://vskishop.com,v_ski_shop,9c8176b2-b2e9-4d80-8586-bcd2b8395ada
,렌탈샵,에덴벨리 모두스키샵,에덴밸리,경상,경상남도 양산시 어실로 440 1층 모두스키샵,0507-1367-2385,판매,매일 09:00~21:00,https://modooski.imweb.me,modoo_ski,6021efee-1165-47a9-94d4-30f39a701bc7
,렌탈샵,에덴벨리 펀박스스키샵,에덴밸리,경상,경상남도 양산시 어실로 498,0507-1420-7793,판매,매일 09:00~21:00,http://www.funboxsnow.co.kr,funbox_snow,cdb3896d-031e-42bf-8058-997d466a7a34
,렌탈샵,에덴벨리에이스스키샵,에덴밸리,경상,경상남도 양산시 어실로 541 에덴밸리 에이스스키샵,055-372-4546,판매,매일 00:00~24:00,http://aceski.net,,b1355930-50b6-444f-bbbb-d7c82e42337f
,렌탈샵,위스키,에덴밸리,경상,경상남도 양산시 어실로 434,,,매일 11:00~24:00,,weski1880,894b7004-8a08-4394-8d44-248d895d8fd6
,렌탈샵,펠리체렌탈샵,에덴밸리,경상,경상남도 양산시 원동면 어실로 1391,,,,,,3f0bae27-8fe2-4d30-9f84-e37bde1cccf6
,렌탈샵,강촌슈퍼맨,엘리시안강촌,강원,강원특별자치도 춘천시 남산면 서백길 86-4 강촌슈퍼맨,033-262-9117,,매일 08:00~22:00,http://www.kcsm.co.kr,,6ac285af-1744-451c-84d0-acddef063a15
,렌탈샵,넘버원스키,엘리시안강촌,강원,강원 춘천시 남산면 서백길 66 1층,0507-1330-8349,판매,매일 08:00~22:00,,,613d85cd-32f8-4e8b-8ef5-f2371447e262
,렌탈샵,맥시멈,엘리시안강촌,강원,강원특별자치도 춘천시 남산면 강촌로 56 1층,0507-1319-4667,판매,"토 08:00~03:00, 일 08:00~24:00, 월 08:00~24:00, 화 08:00~24:00, ",http://www.maximumski.co.kr,,2b0c7ff2-1ce2-462d-8a6e-d5f0c650b574
,렌탈샵,모비딕스키,엘리시안강촌,강원,강원특별자치도 춘천시 남산면 서백길 37 모비딕스키,0507-1313-6776,,"토 08:00~22:00, 일 08:00~22:00, 월 08:00~17:00, 화 08:00~17:00, ",https://www.mobydickski.com,mobydick3333,24f61ab6-a1cd-4f5d-9f18-766468733ec0
,렌탈샵,비젼,엘리시안강촌,강원,강원특별자치도 춘천시 남산면 북한강변길 906 엘리시안 강촌 렌탈샵 스키강습 비젼,0507-1456-3118,,매일 08:00~24:00,http://gcvision.co.kr,vision_ski_,3e9ab273-fd8a-488a-abe1-d6537f0c8371
,렌탈샵,스노우,엘리시안강촌,강원,강원 춘천시 남산면 서백길 81,,판매,,http://www.thesnow.co.kr,,e76fccf7-a3be-40d3-82c0-1a504b302eca
,렌탈샵,스카이스키샵,엘리시안강촌,강원,강원특별자치도 춘천시 남산면 서백길 80,0507-1408-1580,판매,,http://sky-ski.co.kr,,85f7973a-982e-41df-8b1b-7232df2971fd
,렌탈샵,스키&보드타운,엘리시안강촌,강원,강원 춘천시 남산면 서백길 68,033-264-5800,,,http://www.extreme-ski.com,,894cd328-e971-4d95-ba42-73873083e666
,렌탈샵,스타,엘리시안강촌,강원,강원특별자치도 춘천시 남산면 강촌로 72 1층 엘리시안강촌 스타 렌탈샵,0507-1449-1474,판매,매일 00:00~24:00,http://www.gcstar.kr,star_rent_,ee560b03-82e2-4ae3-9721-a8d029c81a3d
,렌탈샵,엉클렌탈샵,엘리시안강촌,강원,강원특별자치도 춘천시 남산면 강촌로 111 1층 엉클렌탈샵,0507-1462-1710,,매일 08:00~24:00,https://uncle0000.cafe24.com,uncle_rentalshop,6fc35076-1bcc-44cb-aa5e-23d8f7331db4
,렌탈샵,와우,엘리시안강촌,강원,강원특별자치도 춘천시 남산면 강촌길 41-1 엘리시안 강촌 렌탈샵 와우 스키강습 센터,0507-1336-9887,정비,매일 08:00~24:00; 겨울시즌무휴,http://www.gangcheonwow.com,wowski7,f82664dd-5772-431f-8f0c-919ecbb47ae9
,렌탈샵,월드스키,엘리시안강촌,강원,강원특별자치도 춘천시 남산면 서백길 75 엘리시안강촌 렌탈샵 월드스키,033-263-0075,판매,매일 08:00~22:30; 3월 5일 목요일까지 영업합니다.,https://gwski.co.kr,,f4190591-dfcf-4913-8edf-d265fd947c44
,렌탈샵,캐나다,엘리시안강촌,강원,강원특별자치도 춘천시 남산면 강촌로 87 엘리시안강촌 캐나다 스키강습 렌탈샵,0507-1448-3343,판매,매일 00:00~24:00,https://캐나다스키.com,elysian.canadaski,d98cef20-974b-45e5-bd06-fc47dbfa3358
,렌탈샵,SNB,오크밸리,강원,강원특별자치도 원주시 지정면 구재로 265 오크밸리SNB렌탈샵,0507-1367-2902,,"토 08:00~24:00, 일 08:00~22:00, 월 08:00~22:00, 화 08:00~22:00, ",https://smartstore.naver.com/snbproshop,oakvalley_snbshop,bf4b1f1e-55e1-464d-b8e3-b2abeffbb1a4
,렌탈샵,강윤정프로샵,오크밸리,강원,강원특별자치도 원주시 지정면 구재로 216 1층 103호,0507-1489-4320,,매일 07:00~23:00,http://www.kangpro.co.kr,kyj_proshop,1c4e107f-c649-46cf-86af-2465a1dded8d
,렌탈샵,넌스키난보드,오크밸리,강원,강원특별자치도 원주시 지정면 구재로 132 넌스키난보드,0507-1324-0224,,매일 07:30~24:00,http://ski1004.com,,589375a4-eb3f-48a9-b422-da516d459f51
,렌탈샵,더 잘타짐,오크밸리,강원,강원특별자치도 원주시 지정면 오크밸리2길 15 1층 더잘타짐,0507-1421-2603,,매일 08:00~23:00,,lnpcompany_,2b4f9742-fb37-4046-872f-32a5fb8e863a
,렌탈샵,레옹,오크밸리,강원,강원특별자치도 원주시 지정면 오크밸리2길 22 1층 103호 오크밸리 렌탈샵 레옹,0507-1464-4566,,매일 08:00~24:00,https://leon-oakvalley.imweb.me,leon_skishop,1c1bd0dc-589d-40eb-87b0-1791784b0047
,렌탈샵,몽스키,오크밸리,강원,강원특별자치도 원주시 지정면 구재로 282 1층,0507-1383-0129,,매일 00:00~24:00,http://www.mongski.com/default,mongski1,0257c2d7-2955-44d6-aeda-a6596dccb889
,렌탈샵,스키타니,오크밸리,강원,강원특별자치도 원주시 지정면 구재로 269 오크밸리스키샵 스키타니,,,매일 08:00~23:50,http://www.skitani.co.kr,,0762160e-1109-4022-9bdf-0795ac16c08d
,렌탈샵,야옹이,오크밸리,강원,강원특별자치도 원주시 지정면 구재로 52 오크밸리 야옹이렌탈샵,0507-1465-2258,,"토 08:00~24:00, 일 08:00~22:00, 월 08:00~22:00, 화 08:00~22:00, ",https://smartstore.naver.com/catski,,e1b8252f-e0c4-418d-87fb-98d930305977
,렌탈샵,잠빌,오크밸리,강원,강원 원주시 지정면 오얏길 2,070-4603-2121,,"토 정기휴무, 일 정기휴무, 월 08:00~17:00, 화 08:00~17:00, 수 08:00~17:00,",http://jambil.co.kr,,db2f9680-5e30-4887-a71a-2c0901ea92e5
,렌탈샵,전진스키보드,오크밸리,강원,강원특별자치도 원주시 지정면 구재로 264 B동2층,0507-1306-7206,,매일 07:30~24:00,https://smartstore.naver.com/junjinski,,d05287e6-53f3-4290-ac75-f71fcc7362c8
,렌탈샵,캐나다SAM 오크밸리점,오크밸리,강원,강원특별자치도 원주시 지정면 구재로 300 캐나다SAM 오크밸리점,0507-1355-8908,,매일 00:00~24:00,https://smartstore.naver.com/canada_sam,,49d17f1d-c73e-4908-9e6c-eee08ee3e577
,렌탈샵,타요스키샵,오크밸리,강원,강원특별자치도 원주시 지정면 오크밸리2길 6,0507-1347-0094,판매,매일 08:00~24:00,,tayoski0082,3b69d8f1-ed00-4da1-a576-abf76a77745a
,렌탈샵,토미,오크밸리,강원,강원특별자치도 원주시 지정면 오크밸리2길 18,0507-1351-1542,정비,매일 07:30~23:00; 이용시간 +30분까지 반납부탁드립니다.,,arajo2433,80056317-0022-459c-9d69-3f287f42f443
,렌탈샵,화이트스포츠,오크밸리,강원,강원 원주시 지정면 월송석화로 580,0507-1398-6666,판매,매일 08:00~23:00,,,2f443ca4-8bf4-4355-8358-7cccb4edac7c
,렌탈샵,O2스키샵,오투리조트,강원,강원특별자치도 태백시 오투로 145,,판매,,,,3ea839da-de97-47db-ac21-a4d406f39d98
,렌탈샵,O2원스키,오투리조트,강원,강원 태백시 황지동 오투로 127,033-553-1180,,,,,33ca1f5b-0172-4e55-a003-51ab8644e466
,렌탈샵,국가대표스키샵,오투리조트,강원,강원특별자치도 태백시 오투로 143-3,033-553-0981,판매,,,,c34f14a5-3e1f-42cd-bb7b-91b5890225b1
,렌탈샵,땡스키샵,오투리조트,강원,강원특별자치도 태백시 오투로 237,,판매,,,,c201dace-52a1-4ae6-93ab-76e4f814ada5
,렌탈샵,스노우 월드,오투리조트,강원,강원특별자치도 태백시 오투로 149 스노우월드스키샵,,,"토 08:00~22:30, 일 08:00~17:30, 월 08:30~17:30, 화 08:30~17:30, ",,,c7e363b1-5c70-432e-b18a-1c3538361fa8
,렌탈샵,오투패밀리,오투리조트,강원,강원 태백시 황지동 오투로 109,033-553-4852,,,,,666f9ed0-4f0a-4fcf-8de2-58710dc4131e
,렌탈샵,첫눈,오투리조트,강원,강원 태백시 황지동 오투로 233,,,,,,b2f801a0-0856-4a1d-8fa6-b031cb9005b7
,렌탈샵,스노우밸리,용평리조트,강원,강원 평창군 대관령면 올림픽로 454-47,,,,,,4763b548-cd8a-4210-8e88-25893719d1de
,렌탈샵,스키에스오에스,용평리조트,강원,강원 평창군 대관령면 올림픽로 715,033-330-7598,,,,,fcdb30dc-e0d1-46d8-b9a7-f5d9bb85d15e
,렌탈샵,스키존,용평리조트,강원,강원특별자치도 평창군 대관령면 올림픽로 193,033-335-5114,,매일 08:00~23:00,http://www.yp-skizone.com,,2cfe942f-d8b3-4cca-9931-c866462422af
,렌탈샵,아웃바운더리,용평리조트,강원,강원특별자치도 평창군 대관령면 용산리 125-1 용평타워프라자1층,0507-1468-9870,판매,"토 09:00~20:00, 일 09:00~18:00, 월 09:00~18:00, 화 09:00~18:00, ",https://smartstore.naver.com/oohome,baejangfilm,58c23d10-d9c1-4ac8-948e-5e6af1a42398
,렌탈샵,이엠스포츠,용평리조트,강원,강원특별자치도 평창군 대관령면 오목길 107 평창라마다호텔 1F 이엠스포츠,0507-1344-8134,,매일 08:00~22:00,https://emsports.co.kr,emsports2477,89724fc9-8d76-467e-a395-df6793eae6f4
,렌탈샵,타타타렌탈샵,용평리조트,강원,강원특별자치도 평창군 대관령면 삼현동1길 10-4 3동 101호,0507-1307-0866,,매일 08:00~24:00,https://smartstore.naver.com/finsski,tatata_ski,7ff35a98-f7f0-492a-9ac2-64f310446869
,렌탈샵,W스키,웰리힐리파크,강원,강원특별자치도 횡성군 둔내면 고원로 265,033-345-7779,,매일 00:00~24:00,https://wski.kr/main/index.php,wski_wellihillipark.branch,92e5e841-b535-4cc0-b57b-bf6cb9c62f61
,렌탈샵,네이버스키닷컴,웰리힐리파크,강원,강원특별자치도 횡성군 둔내면 고원로398번길 7 1층,,,매일 08:00~23:00,,,3dbbcb4a-b080-41cd-bae2-c2361bd8fbec
,렌탈샵,대관령 스포츠,웰리힐리파크,강원,강원특별자치도 횡성군 둔내면 고원로 217 218,0507-1476-2120,,매일 00:00~24:00,http://wellski.co.kr,,d1f35852-f799-4293-8c8d-5e4a6c010f15
,렌탈샵,드림월드프로샵,웰리힐리파크,강원,강원특별자치도 횡성군 둔내면 고원로 397 1층,0507-1428-2054,판매 정비,매일 08:30~23:00; 스키장 운영 마감시간+30분에 종료 합니다~,,,1eae3c57-b19f-43fc-b7f0-044c17370b9b
,렌탈샵,록키스키,웰리힐리파크,강원,강원특별자치도 횡성군 둔내면 고원로 389 록키스키,033-342-8768,,"토 08:00~24:00, 일 08:00~23:00, 월 08:00~23:00, 화 08:00~23:00, ",http://www.rockyski.com,,25e06b95-568e-4ccf-a6b6-1a3833c3c74d
,렌탈샵,백야,웰리힐리파크,강원,강원특별자치도 횡성군 둔내면 고원로412번길 1-8 1층,0507-1370-4407,,매일 08:00~24:00,https://smartstore.naver.com/theparantour,wellihilli100ya,6cf73768-7cfe-4602-9ee7-a0f1e89e0388
,렌탈샵,성우버튼샵,웰리힐리파크,강원,강원특별자치도 횡성군 둔내면 자포곡리 428-11,033-345-1215,,"토 정기휴무, 일 정기휴무, 월 00:00~24:00, 화 00:00~24:00, 수 00:00~24:00,",,,b6fb2709-c91f-4138-942a-051702f78d92
,렌탈샵,성우스키보드,웰리힐리파크,강원,강원특별자치도 횡성군 둔내면 고원로 419,033-345-5735,,매일 00:00~24:00,,,9345733d-e729-4928-a35f-5bbff6703012
,렌탈샵,스노우파크스키하우스,웰리힐리파크,강원,강원 횡성군 둔내면 고원로 451,,,,,,c9811530-c91a-452a-815b-2402c0d0edc7
,렌탈샵,스키911,웰리힐리파크,강원,강원특별자치도 횡성군 둔내면 고원로 162 웰리힐리파크 렌탈샵 스키911,0507-1414-9119,,매일 07:30~24:00,http://www.ski-911.com,,519dec4b-5b76-45cc-b038-d0aade16a2a3
,렌탈샵,스키짱주인짱,웰리힐리파크,강원,강원 횡성군 둔내면 고원로 98,,,,http://skijjang.itrocks.kr,,c899e443-05c7-4376-90fc-caba4e86a487
,렌탈샵,아스펜,웰리힐리파크,강원,강원 횡성군 둔내면 고원로 267 아스펜,,정비,"토 07:00~24:00, 일 07:00~24:00, 월 07:00~23:00, 화 07:00~23:00, ",http://aspen.itrocks.kr,,22d35e93-26e8-46b7-b2ed-f88dc9f21a88
,렌탈샵,어게인,웰리힐리파크,강원,강원 횡성군 둔내면 고원로 276 어게인,,판매,,,,fd1a60be-c942-4192-be2d-939a9ee0557a
,렌탈샵,오리온스,웰리힐리파크,강원,강원특별자치도 횡성군 둔내면 고원로412번길 6-1,033-342-9784,판매,매일 08:00~22:00,http://www.skiorions.co.kr,,2eaa615c-ecde-44d0-9c99-e65bb8c5c943
,렌탈샵,용성레포츠,웰리힐리파크,강원,강원특별자치도 횡성군 둔내면 고원로 429 용성레포츠,033-342-4235,,매일 08:00~00:30,http://www.ysleports.co.kr,,fc8f185f-c936-4665-a55d-6678b07ec636
,렌탈샵,월드스키,웰리힐리파크,강원,강원특별자치도 횡성군 둔내면 고원로 112 월드스키,0507-1472-4222,정비,매일 00:00~24:00,,,b7a5b3d2-0618-4dad-82ea-cae529a1d521
,렌탈샵,웰리힐리파크 렌탈샵,웰리힐리파크,강원,강원특별자치도 횡성군 둔내면 고원로 222,,,매일 00:00~24:00,http://wellski.co.kr,,275415f9-6507-45d4-8a5a-f1755d948294
,렌탈샵,유스키,웰리힐리파크,강원,강원 횡성군 둔내면 고원로 204,033-345-3824,,,,,1985ae0f-45d6-4617-aa2b-77f0e4431654
,렌탈샵,인수봉스키보드,웰리힐리파크,강원,강원 횡성군 둔내면 고원로 373,033-344-3444,,,,,e047f2e3-e03b-4f10-b3cb-25c1c75da77e
,렌탈샵,친구사이,웰리힐리파크,강원,강원 횡성군 둔내면 고원로 390,033-344-7942,정비,매일 08:30~22:30,http://pf.kakao.com/_PcxfNxj,7942ski,fa47eb1c-211d-45ad-b4a2-a0745e6eae89
,렌탈샵,쿨보딩,웰리힐리파크,강원,강원 횡성군 둔내면 고원로 92,033-345-4004,,,,,b75acb29-7310-470d-848b-2352f587ff6a
,렌탈샵,태백산맥스키샵,웰리힐리파크,강원,강원특별자치도 횡성군 둔내면 고원로 90,033-344-1072,판매,,,,1f087290-2ed2-43a4-a802-67e19901df53
,렌탈샵,화이트스포츠,웰리힐리파크,강원,강원특별자치도 횡성군 둔내면 고원로398번길 15-1,033-342-9800,,,http://www.whitesports.co.kr,,f87414dc-cb2d-4392-ba3c-e73211b95305
,렌탈샵,휴스키&보드,웰리힐리파크,강원,강원 횡성군 둔내면 고원로260번길 6,,,,,,fa357c64-0976-4e6d-8395-50d7b810ab37
,렌탈샵,R렌탈샵,지산리조트,경기,경기도 이천시 마장면 지산로 138 1층,0507-1342-8068,,매일 00:00~24:00,https://smartstore.naver.com/rshop_,r__jisan,c8f67045-839b-46c2-a127-751d7213d1f6
,렌탈샵,S스키샵,지산리조트,경기,경기도 이천시 마장면 덕평로 798 1동,0507-1302-6334,판매,매일 09:00~22:00,,,9db67e15-17cf-4d0a-8501-3f29ffbfcd4e
,렌탈샵,골든스포츠,지산리조트,경기,경기도 이천시 마장면 지산로 86,0507-1333-1567,,매일 00:00~24:00,http://골든스포츠.com,goldensports_jisan,49e37c60-4702-4754-be3d-7e1afcf2acef
,렌탈샵,그라운드,지산리조트,경기,경기도 이천시 마장면 지산로 216 지산리조트렌탈샵그라운드,0507-1343-0262,,매일 00:00~24:00,https://ground-jisan.imweb.me,stories,85ebfe5c-aab4-497f-9b0d-cd41ffd8a040
,렌탈샵,날아라슈퍼보드,지산리조트,경기,경기 용인시 처인구 양지읍 남평로 88 1층 날아라슈퍼보드렌탈샵,031-335-0202,,,,,f09c08f8-9ece-41ee-9032-c551a41e4608
,렌탈샵,눈사람,지산리조트,경기,경기도 이천시 마장면 지산로 244 지산리조트 눈사람,031-636-4030,판매,매일 08:00~03:00; 스키장 운영 시간에 맞추어 영업합니다.,http://www.snowmanski.com,snowman_jisan_,1bdee293-fa95-4b45-88da-5a0a4b40642a
,렌탈샵,로키스키,지산리조트,경기,경기도 이천시 마장면 지산로 26 로키스키,031-631-9410,,매일 00:00~24:00 (브레이크 05:00~08:00),https://rocky-ski.imweb.me,roky_ski,b4a8a911-7ec5-410a-9ea1-b6edf9b8e98a
,렌탈샵,모닝스키,지산리조트,경기,경기 이천시 마장면 지산로 257-7,031-631-3293,,,http://www.morning-ski.co.kr,,6768e432-df86-439e-8b92-15a4cb15aa00
,렌탈샵,몬스터,지산리조트,경기,경기도 이천시 마장면 지산로 101 몬스터,,,매일 00:00~24:00,https://smartstore.naver.com/monsterskibord/products/7789574529,,e1e299c5-217a-440c-81f1-c5c252b5255a
,렌탈샵,몬스터,지산리조트,경기,경기도 용인시 처인구 양지읍 남평로 32 보현판넬,031-321-3110,,,,,47670978-1d48-4199-b385-18ee9d6df24c
,렌탈샵,보드박스,지산리조트,경기,경기도 이천시 마장면 지산로 236 보드박스,0507-1373-7553,,매일 00:00~24:00,http://www.boardbox.co.kr,jisanboardbox,3c8440af-b0a3-4993-b806-c2a02f61901f
,렌탈샵,보드존,지산리조트,경기,경기 이천시 마장면 해월로 26-7,031-633-6375,,매일 06:00~24:00,,,0cc2853b-5d45-416b-80c7-f294fd342aad
,렌탈샵,보스,지산리조트,경기,경기도 이천시 마장면 지산로 234 보스렌탈샵,0507-1470-5531,,매일 00:00~24:00,https://bossrental.shop,jisan___boss,aff75431-d12b-48b1-93ed-d39927784c4f
,렌탈샵,붕어빵,지산리조트,경기,경기도 이천시 마장면 지산로 200 지산리조트 붕어빵 렌탈샵,,,매일 08:00~03:00; 지산리조트 스키장 운영시간에 맞추어 렌탈샵을 운영합니다,https://smartstore.naver.com/jisanboong,,0782bd87-ae6c-4a59-bb1b-dc44cdbd9439
,렌탈샵,브라더스,지산리조트,경기,경기도 이천시 마장면 지산로 226,0507-1322-3982,,매일 00:00~24:00; 동계시즌 항시 운영,http://www.brothers-jisan.com,brothers_jisan,c5d28e58-2e8e-45eb-8fa2-2afc2d810da4
,렌탈샵,뽀드득,지산리조트,경기,경기도 이천시 마장면 지산로 150 지산리조트 뽀드득 렌탈샵,031-637-1141,판매 정비,매일 00:00~24:00,https://www.bbododok.com,bbododok_ski,0fd353ce-5452-4d19-9406-c29a1915d8d9
,렌탈샵,산타마을,지산리조트,경기,경기도 이천시 마장면 해월로 5,0507-1367-2168,,매일 00:00~24:00,http://산타마을.com,jisan_santa_town,afad68be-a059-4c6a-882a-fa475e7ede7f
,렌탈샵,선영상사,지산리조트,경기,경기도 이천시 마장면 마도로 57,0507-1318-9530,판매,"토 10:00~19:00, 일 10:00~19:00, 월 14:00~19:00, 화 14:00~19:00, ",https://smartstore.naver.com/sy0420,,08f56113-3a18-452c-97c5-7c6828ad099f
,렌탈샵,세븐스키,지산리조트,경기,경기도 이천시 마장면 지산로 154 지산리조트 세븐스키 렌탈샵,031-637-7787,,매일 00:00~24:00,https://7ski.kr,,eefec792-da24-499f-8ed1-950c925721ab
,렌탈샵,스노우랜드,지산리조트,경기,경기도 이천시 마장면 지산로 148 스노우랜드,0507-1333-2207,,매일 08:00~05:00; 시즌영업 12월~3월 /비시즌 휴업/3월중순~11월말,https://snowland.co.kr,,d4e189f6-75c3-4f8e-b1f0-d7547098f26b
,렌탈샵,스카이스키샵,지산리조트,경기,경기도 용인시 처인구 양지읍 남평로 144,,판매,,,,566bdc2e-0c4a-4a79-a17d-582770d6a1a1
,렌탈샵,스키뱅크,지산리조트,경기,경기도 이천시 마장면 지산로 254 지산렌탈샵스키뱅크,0507-1447-0457,정비,매일 08:00~02:00; 지산리조트 운영 시간에 맞춰 탄력 운영합니다.,http://스키뱅크.com,,ec104327-8647-4f7b-b58d-3d604f6db732
,렌탈샵,스키천국,지산리조트,경기,경기도 이천시 마장면 지산로 182,031-638-1922,,매일 08:00~03:00,http://www.skiheaven.co.kr,kim.m.hee,a11c2447-651f-4824-b9d0-09949343b30e
,렌탈샵,스키프라자,지산리조트,경기,경기도 이천시 마장면 해월로 20 스키프라자,0507-1364-7610,,매일 08:00~24:00; 3/2일까지 휴무일 없음,https://skiplaza114.com,,63e11036-0c20-4cd3-a1ee-313bff0ae1ce
,렌탈샵,시즌렌탈샵,지산리조트,경기,경기도 이천시 마장면 지산로 222 101호 시즌렌탈샵,,,"토 08:00~04:00, 일 08:00~04:00, 월 08:00~02:00, 화 08:00~02:00, ",https://smartstore.naver.com/forest-skicenter,,01138b4b-0190-4fe8-907e-e1ee232af669
,렌탈샵,아리랑스키렌탈샵,지산리조트,경기,경기도 이천시 마장면 지산로 54 아리랑스키렌탈샵,031-638-1243,,매일 00:00~24:00,https://smartstore.naver.com,,8101a28f-28d3-4606-ab7d-cb799463440b
,렌탈샵,양지동강레포츠,지산리조트,경기,경기 용인시 처인구 양지읍 남평로 161,031-338-8989,,,,,1c2f03e4-8e33-4b48-970d-73300b964807
,렌탈샵,양지화이트,지산리조트,경기,경기 용인시 처인구 양지읍 죽양대로 2299 신토불이,031-338-7222,,,,,495b76e6-1315-45ad-9688-fcb5fa975972
,렌탈샵,에스엔비렌탈샵,지산리조트,경기,경기도 이천시 마장면 해월로 24 에스엔비,0507-1302-1139,,매일 08:30~02:30; 겨울시즌 연중무휴 정상영업합니다.,http://www.snbski.co.kr,,c1ae2995-21db-4226-a51d-47ef6dc979ef
,렌탈샵,와이지레포츠,지산리조트,경기,경기도 이천시 마장면 지산로 210 yg레포츠,0507-1472-4330,판매,매일 00:00~24:00; 설연휴 지산리조트 운영시간과 동일하게 운영합니다.,https://ygleports.co.kr,1128yg,2d8ea1cd-e974-4f0c-9d71-7dea43bf5dd5
,렌탈샵,인스키그램,지산리조트,경기,경기도 이천시 마장면 지산로 142 인스키그램,0507-1392-1065,,토 08:10~04:30 (브레이크 17:00~18:30); 일 08:10~02:30 (브레이크 17:00~,https://www.inskigram.com,inski_gram,d5e7b275-4eea-4a1f-a09b-4997bc2a3a5c
,렌탈샵,저무노스키,지산리조트,경기,경기 이천시 마장면 해월로 2-7,,,,,,7c0ab4c4-0560-47b0-9a26-d9323c79931f
,렌탈샵,준스키 지산점,지산리조트,경기,경기도 이천시 마장면 지산로 206 지산준스키,0507-1442-7832,,매일 00:00~24:00,,,b782585a-cfb2-413e-9bd6-e97a6c571d7d
,렌탈샵,지산리조트 렌탈하우스,지산리조트,경기,경기도 이천시 마장면 지산로 267 지산리조트 렌탈하우스,,,매일 08:30~04:30; 지산스키장 영업일정에 맞춰 운영 (홈페이지 참고),https://jisanrental.com,jisanrentals,6d4942be-e7e4-4bc0-8fe5-2232e4cc51e3
,렌탈샵,지산탑레포츠,지산리조트,경기,경기도 이천시 마장면 지산로 134 지산탑레포츠,,,매일 00:00~24:00,http://www.topski.kr,,8ff7c409-7fb2-47ab-be03-9e5a2219c364
,렌탈샵,첼린져스키,지산리조트,경기,경기 용인시 처인구 양지읍 남평로 98,031-338-0668,,,http://www.yjchallenge.kr,,bf981b10-799f-4671-aaf6-31925b044c1d
,렌탈샵,케이디스키아카데미,지산리조트,경기,경기도 이천시 마장면 해월로 16 케이디스키아카데미,0507-1349-0072,,,http://gskirent.com,,7b15f189-610b-4237-931c-6a2ea4dfb041
,렌탈샵,케이팝,지산리조트,경기,경기도 이천시 마장면 지산로 220 지산리조트 케이팝 렌탈샵,0507-1419-4985,,매일 00:00~24:00; 시즌내 24시간 오픈됩니다.,https://jangseonggu.imweb.me,k_pop_ski_dnd,b07d2769-bc3e-40d2-bc7a-3c82af591de6
,렌탈샵,테라스스키,지산리조트,경기,경기도 이천시 마장면 지산로 242 테라스스키,031-638-0322,,매일 00:00~24:00; 지산리조트 OPEN,http://www.terraceski.com,ski_terrace,da3b9b34-5ef2-45a2-bf37-12b24c59c2f4
,렌탈샵,하나바,지산리조트,경기,"경기도 이천시 마장면 지산로 178 1층, 2층",0507-1322-2889,,매일 00:00~24:00,https://www.hanaba.com,,07503f1e-9287-44ec-be02-3531e1fd6fd1
,렌탈샵,훅컴퍼니,지산리조트,경기,경기도 이천시 마장면 지산로 230 1층 상가,0507-1410-9773,정비,매일 00:00~24:00 (브레이크 17:30~18:30); 동계시즌 항시 운영,https://smartstore.naver.com/hookcompany25,,24dd257d-c8b5-49d1-be58-fef268c09229
,렌탈샵,가자레저,하이원,강원,강원특별자치도 정선군 사북읍 지장천로 583 1층 109호,,판매,매일 08:00~23:00,,,f0e53bb6-5de5-49a7-ba09-7dd8b7f3136a
,렌탈샵,겨울세상,하이원,강원,강원특별자치도 정선군 고한읍 고한로 81,033-591-7794,,매일 08:00~22:30,http://겨울세상.com,,d8c8c400-8c3b-4c99-b431-24e2dcbe3392
,렌탈샵,눈의나라,하이원,강원,강원특별자치도 정선군 사북읍 하이원길 36 눈의나라,0507-1380-7100,판매,매일 08:30~22:30,http://www.noonnara.com,high1_noonnara,3ff7f157-47db-4d3d-b355-1de421b1836e
,렌탈샵,동강탐험대,하이원,강원,강원특별자치도 정선군 고한읍 강원남로 6071,033-592-7200,,,,,d8a5bd29-7e22-49f0-8ad1-172858859286
,렌탈샵,드림하이원스키샵,하이원,강원,강원특별자치도 정선군 고한읍 물한리길 52 1층 드림하이원스키샵,0507-1409-3043,판매,,,,920e0d1e-4f40-4ab5-b3ee-30779854d00b
,렌탈샵,랜드스키,하이원,강원,강원 정선군 고한읍 고한7길 3-1,033-591-9911,,,,,3c5a3ea8-a674-4776-a7ea-2f6509244d1d
,렌탈샵,마운틴스키샵,하이원,강원,강원특별자치도 정선군 고한읍 고한로 107,0507-1367-3418,판매,,,high1.themountain,eaf78609-0fe5-4e07-90a4-11a11fe65b97
,렌탈샵,마이스키,하이원,강원,강원특별자치도 정선군 고한읍 고한로 36-2 1층 마이스키 (하이마이스키),0507-1387-0179,판매,매일 06:00~23:00,https://high1myski.com,phc7649,62f104fd-2720-4650-8061-ebfd3a4d65fe
,렌탈샵,막가는스키,하이원,강원,강원특별자치도 정선군 남면 강원남로 5266 막가는스키,,판매,매일 07:00~24:00,http://www.goski.co.kr,,8fc0a695-9af9-4c2a-b3a4-556ce14f4e76
,렌탈샵,멀티스키샵,하이원,강원,강원특별자치도 정선군 사북읍 지장천로 579 113호 114호,0507-1443-8309,판매,매일 08:00~23:00,,,a765d8c7-9348-4d45-98ae-a60f3a545430
,렌탈샵,베스트스키샵,하이원,강원,강원특별자치도 정선군 고한읍 고한로 20 하이원베스트스키샵,0507-1353-8874,판매,매일 08:00~23:00,http://www.high1best.com,high1bestski,dcde66e9-b9b5-4fb6-810c-c0fcbad0ac95
,렌탈샵,블루아이스키,하이원,강원,강원특별자치도 정선군 고한읍 고한로 228,033-591-5024,,매일 08:00~22:30,https://smartstore.naver.com/bluei-ski,,a50fb051-88e1-444d-970d-9083917447da
,렌탈샵,살로몬스키,하이원,강원,강원특별자치도 정선군 고한읍 고한로 32-1 살로몬스키,,판매,매일 08:00~23:00,http://하이원살로몬.com,,288dda6d-bded-4fa9-ada8-59ee707e160b
,렌탈샵,설래임스키샵,하이원,강원,강원특별자치도 정선군 고한읍 고한로 47 경빌딩 1층 설래임스키샵,0507-1378-4609,판매 정비,매일 07:00~24:00,http://설래임.kr,,0a3dbb6f-dade-403d-ba28-3ed25bce631b
,렌탈샵,성호스키샵,하이원,강원,강원특별자치도 정선군 고한읍 고한로 51-12,033-592-1488,판매,매일 00:00~24:00,,,35a179bd-33ff-4ca3-9709-5516f5e2d3a4
,렌탈샵,세븐스키,하이원,강원,강원특별자치도 정선군 고한읍 고한로 8 세븐스키,0507-1321-6781,정비,매일 08:00~23:00,http://www.7ski.co.kr,,36d7efde-0d2a-4c52-865e-6d280de85afb
,렌탈샵,스노우블루,하이원,강원,강원특별자치도 정선군 고한읍 고한로 22 스노우블루,0507-1463-8857,판매,매일 08:00~22:00,https://smartstore.naver.com/snowblue1,snowblue11,81d00aa9-f278-46f3-ac9c-34a02a7324a3
,렌탈샵,스노우샵,하이원,강원,강원특별자치도 정선군 고한읍 하이원길 265-1 밸리스키하우스 1층,,판매,매일 09:00~22:00,,,9ffa5356-c4b3-4c32-9382-0533f88b9bdc
,렌탈샵,스노우캠프,하이원,강원,강원 정선군 사북읍 동탄길 21-17,033-592-3433,,,,,c2f0490c-e7d3-4de8-af89-4fbbf114e53d
,렌탈샵,스노우킹,하이원,강원,강원특별자치도 정선군 고한읍 고한9길 24-1,033-591-1488,,매일 00:00~24:00,http://www.snowking.co.kr,,217f6500-cfe7-4d11-abe1-6926a11160d6
,렌탈샵,스노우피아,하이원,강원,강원 정선군 고한읍 고한1길 10-8,033-591-5990,,,,,0cd50b11-55ea-4965-9c16-160af8ca70d2
,렌탈샵,스키어드벤쳐,하이원,강원,강원 정선군 고한읍 고한로 32,033-592-5959,,,,,ea1c950b-5d67-4046-b7b4-0d331dd477eb
,렌탈샵,스타스키샵,하이원,강원,강원특별자치도 정선군 고한읍 물한리길 8 하이원메이힐스리조트 1층 스키샵,033-591-8844,판매,매일 08:00~23:00,http://스타스키샵.com,,cc1c965d-ba17-4aef-a9e0-eb6ba92575ba
,렌탈샵,쎄레노스키샵,하이원,강원,강원특별자치도 정선군 고한읍 고한로 39,0507-1398-1369,판매,매일 08:00~23:00,http://www.serenoskishop.com,serenoskishop,6e9066db-e41e-4973-afd1-a16debcbf678
,렌탈샵,우리하이원스키샵,하이원,강원,강원특별자치도 정선군 고한읍 물한리길 16-5,033-591-5330,판매,매일 08:00~24:00,https://www.woorihigh1.kr,woori_high1_ski,4d947ccb-5e42-414a-ba72-d81588f6645d
,렌탈샵,월남스키,하이원,강원,강원특별자치도 정선군 고한읍 고한로 40 하이원 스키샵 월남스키 렌탈샵,0507-1396-4567,판매,매일 07:00~23:00,http://www.wnski.com,wnski_in_high1,4f3f6450-9fbf-48f7-bdc9-ece67331466e
,렌탈샵,월드스키,하이원,강원,강원특별자치도 정선군 고한읍 고한로 17,0507-1383-2014,,매일 08:00~23:00,http://high1worldski.co.kr,high1worldski.co.kr,baf0d3f1-baf3-45b1-8d9d-b50aa8e168bd
,렌탈샵,지붕뚫고 하이원,하이원,강원,강원 정선군 남면 지장천로 64-1,033-591-3313,,,,,beb11dae-0e84-4cfa-ae65-08c29cba1d4e
,렌탈샵,클럽H1,하이원,강원,강원특별자치도 정선군 고한읍 고한로 51 3호,0507-1495-6626,,매일 07:00~22:00,https://clubh1.com,club.h1_,95b5bb5a-767d-4699-b2a3-99d058939d79
,렌탈샵,탑스키,하이원,강원,강원특별자치도 정선군 고한읍 고한로 19 탑스키,0507-1332-8868,판매,매일 07:00~23:00; 휴무 없이 정상운영합니다. 언제든지 편하게 문의주세요!,https://smartstore.naver.com/topski1,high1topski,4ebaa6f2-df8b-4a53-af4a-43862fee8154
,렌탈샵,핑크스키,하이원,강원,강원특별자치도 정선군 고한읍 고한로 12 1층,,,매일 08:00~22:00,http://pinkski.co.kr,,f73ff431-ae66-4f55-bbb8-90209fc0577f
,렌탈샵,하이앤하이,하이원,강원,강원특별자치도 정선군 고한읍 고한로 35,0507-1490-7477,,매일 06:30~01:00,https://www.highnhigh.com,,d094f3bf-6613-4a42-8d9c-ad9ccb583e69
,렌탈샵,하이원스키샵 1호점,하이원,강원,강원특별자치도 정선군 고한읍 고한로 28-5,033-592-3334,판매,매일 08:00~23:00; 시즌 중 연중무휴입니다.,http://hi-one.kr,hi_one_ski,88bd51c0-ac47-4c66-8cdb-ddb4dd0bca32
,렌탈샵,하이원탑,하이원,강원,강원 정선군 사북읍 사북2길 18,033-592-0405,,매일 00:00~24:00,,,380953cc-11e4-4cf2-a112-94b5a02b4e5e
,렌탈샵,화이트뱅크,하이원,강원,강원특별자치도 정선군 고한읍 고한로 36 화이트뱅크,0507-1421-1590,,매일 00:00~24:00,https://smartstore.naver.com/snowbank_high1,whitebank_high1,7ffa4327-aba0-4564-b56c-00348091bba1
,렌탈샵,USNSSPORTS,휘닉스평창,강원,강원특별자치도 평창군 봉평면 태기로 141 102호,0507-1405-0604,,매일 00:00~24:00; 연중무휴,https://smartstore.naver.com/usnssports,usns_sports,1a3ed34b-de9e-4dd9-b4d2-e1b387439eb5
,렌탈샵,W스키,휘닉스평창,강원,강원특별자치도 평창군 봉평면 태기로 321 1층 W스키,0507-1432-8151,,매일 00:00~24:00,https://smartstore.naver.com/tropicalstore,wski_phoenix.park.branch,1638e225-31f5-49ef-b7a4-cbde6847f230
,렌탈샵,겨울의전설,휘닉스평창,강원,강원특별자치도 평창군 봉평면 태기로 419 겨울의 전설,0507-1345-0920,정비,매일 00:00~24:00,https://smartstore.naver.com/legendofwinter/products/12822866261,,e29ccafb-bc11-4c52-bf50-6a0f9c97178a
,렌탈샵,곰레포츠,휘닉스평창,강원,강원특별자치도 평창군 봉평면 태기로 228-33 한화리조트 1층 곰레포츠,0507-1397-9744,,매일 08:30~23:00,http://www.gomleportssnow.com,,f19254d8-5c6d-4d2e-951b-9d2e72dc02a2
,렌탈샵,꾹이네,휘닉스평창,강원,강원특별자치도 평창군 봉평면 태기로 279 1층 101호 휘닉스파크 렌탈샵,0507-1348-5820,,매일 00:00~24:00; 연중무휴,https://smartstore.naver.com/skilesson,phoenix_skischool,9d9545d3-d185-4760-b7a7-21593370cf78
,렌탈샵,네오스포츠,휘닉스평창,강원,강원특별자치도 평창군 봉평면 태기로 366,033-334-6338,,매일 00:00~24:00,,,0c74e3aa-7d9d-4499-ae7e-648527f9cbe5
,렌탈샵,동감,휘닉스평창,강원,강원특별자치도 평창군 봉평면 태기로 92,033-332-7792,,,,,4b1026ae-61ec-478e-baa6-f3f320611146
,렌탈샵,리멤버,휘닉스평창,강원,강원특별자치도 평창군 봉평면 태기로 131 휘닉스파크렌탈샵리멤버,0507-1306-3466,,매일 08:00~22:00,https://smartstore.naver.com/boardingkr,boardingkr,2dde2c68-0861-44f8-aeb1-1eb6db351ddb
,렌탈샵,백야,휘닉스평창,강원,강원특별자치도 평창군 봉평면 태기로 523 백야,0507-1408-4407,,매일 00:00~24:00; 비시즌 휴무 / 스키장 운영시즌만 영업,https://smartstore.naver.com/theparantour,100yajigi,ccf22884-3932-4952-b52c-c664fd64fd74
,렌탈샵,보드트레이더,휘닉스평창,강원,강원특별자치도 평창군 봉평면 태기로 439,,,매일 00:00~24:00,http://boardtrader.co.kr,,7c025d30-dccf-4d93-a13b-984d8317f3a5
,렌탈샵,스노랜드,휘닉스평창,강원,강원특별자치도 평창군 봉평면 태기로 155 101호,0507-1364-5334,판매,매일 00:00~24:00; 스키장 영업일에 맞춰 운영합니다,,phoenix_snowland,9573a305-93c5-462a-817c-6a8a5757a0c1
,렌탈샵,스노우랩,휘닉스평창,강원,"강원특별자치도 평창군 봉평면 태기로 283-2 103, 104, 105호",0507-1381-6682,정비,매일 08:00~23:00,https://smartstore.naver.com/millim_in/products/12706314668,,42053ee3-5573-42d6-9ec4-bfe8171bc0b1
,렌탈샵,스노우밸리,휘닉스평창,강원,강원특별자치도 평창군 봉평면 태기로 106 휘닉스파크 스노우밸리,0507-1494-3055,,매일 00:00~24:00,https://smartstore.naver.com/snowv,snowvalley_phoenix,df8c81f6-904d-4e3e-b76c-b7516c4acb03
,렌탈샵,스노우프라자,휘닉스평창,강원,강원특별자치도 평창군 봉평면 태기로 324,0507-1338-4566,,"토 08:00~23:00, 일 08:00~23:00, 월 08:00~22:00, 화 08:00~22:00, ",https://smartstore.naver.com/snowplaza/products/4758297292?site_preference=device,_snowplaza_,765dd870-a2b6-433e-b577-b8d98f0e7e3a
,렌탈샵,싼타클로스 스키학교,휘닉스평창,강원,강원특별자치도 평창군 봉평면 태기로 431,0507-1340-9530,,매일 08:00~20:00,,,63c2f52c-e68f-495e-bae5-10b2afa0e57b
,렌탈샵,아이스키샵,휘닉스평창,강원,강원특별자치도 평창군 봉평면 태기로 459,,판매,,,,edde99d1-ff16-4137-b9e1-cc8c04505dc0
,렌탈샵,에이스,휘닉스평창,강원,강원특별자치도 평창군 봉평면 태기로 349 샵에이스,0507-1361-4907,,매일 00:00~24:00,http://휘닉스파크렌탈샵.com,,9d0457b8-c1fc-4920-a009-1723ab118a53
,렌탈샵,엑스레포츠,휘닉스평창,강원,강원특별자치도 평창군 봉평면 태기로 517 엑스레포츠,033-333-7227,,매일 00:00~24:00,http://www.xleports.com,,b5f9fccc-bb07-4c7a-ad9c-4f10c814f445
,렌탈샵,예스스키,휘닉스평창,강원,강원특별자치도 평창군 봉평면 태기로 316 313,033-332-5227,,,,,1b194f13-7b4a-4438-b392-217cf500c45f
,렌탈샵,제트스키,휘닉스평창,강원,강원특별자치도 평창군 봉평면 태기로 151 조강해피밸리 1층,0507-1442-3368,,매일 00:00~24:00,http://www.phoenixalpine.com,zski_pyeongchang,eada0e86-a0c6-4536-a777-0976a0251677
,렌탈샵,조이몬스터,휘닉스평창,강원,강원특별자치도 평창군 봉평면 태기로 441 조이몬스터 1층,,,매일 00:00~24:00,https://smartstore.naver.com/rentaljoymonster/products/7757076781,no.1_skischool,486734f9-2bb2-4b19-8ce7-fa386652462d
,렌탈샵,코리아레저스쿨,휘닉스평창,강원,강원특별자치도 평창군 봉평면 태기로 519,033-333-1033,,매일 00:00~24:00,,,d9ed41c8-97d5-4f58-8401-be2ea04f84b6
,렌탈샵,탑스키,휘닉스평창,강원,강원특별자치도 평창군 봉평면 태기로 561,,정비,매일 00:00~24:00,,,9177c63b-6554-42e1-a4de-f371a8d04da6
,렌탈샵,토레스,휘닉스평창,강원,강원특별자치도 평창군 봉평면 태기로 353 렌탈샵,0507-1436-1596,판매,매일 00:00~24:00,https://smartstore.naver.com/toles_rental,,f8f86eb1-e2ff-4a9a-abf8-fc7ead04cfa3
,렌탈샵,평창해피스키스쿨,휘닉스평창,강원,강원특별자치도 평창군 봉평면 태기로 137 평창해피스키스쿨107호,0507-1322-8534,판매,매일 00:00~24:00,http://www.happyski.co.kr,,5017d78e-3bb4-41c7-97ef-eaa3531727f8
,렌탈샵,폭설 휘닉스파크점,휘닉스평창,강원,강원특별자치도 평창군 봉평면 태기로 360,033-332-5631,,매일 00:00~24:00,,,07781157-dff4-4773-8614-bd162d0b0927
,렌탈샵,해피플러스,휘닉스평창,강원,강원특별자치도 평창군 봉평면 태기로 344 해피플러스,0507-1420-8867,판매,매일 00:00~24:00,https://smartstore.naver.com/happyplusski,hap_pyplus,cd61f94f-b63d-4b7f-bbe8-0d6cc1a095fb
